timestamp,X,Y,Z
2025-04-13T15:40:43.348637,-128,36,3
2025-04-13T15:40:43.349665,-124,36,4
2025-04-13T15:40:43.351131,-125,35,5
2025-04-13T15:40:43.358052,-123,36,3
2025-04-13T15:40:43.370177,-123,34,5
2025-04-13T15:40:43.377825,-125,35,7
2025-04-13T15:40:43.387801,-125,35,7
2025-04-13T15:40:43.404609,-125,33,7
2025-04-13T15:40:43.407841,-125,33,7
2025-04-13T15:40:43.421460,-125,35,4
2025-04-13T15:40:43.427604,-124,34,4
2025-04-13T15:40:43.437590,-125,36,3
2025-04-13T15:40:43.447974,-125,36,4
2025-04-13T15:40:43.457845,-126,35,4
2025-04-13T15:40:43.472614,-126,34,3
2025-04-13T15:40:43.477641,-126,34,4
2025-04-13T15:40:43.487892,-125,34,4
2025-04-13T15:40:43.503878,-125,35,4
2025-04-13T15:40:43.507820,-124,32,5
2025-04-13T15:40:43.523935,-124,32,7
2025-04-13T15:40:43.527582,-124,33,3
2025-04-13T15:40:43.537883,-124,35,4
2025-04-13T15:40:43.547806,-123,35,7
2025-04-13T15:40:43.557792,-123,36,2
2025-04-13T15:40:43.567860,-123,36,2
2025-04-13T15:40:43.577940,-121,33,7
2025-04-13T15:40:43.587992,-122,32,9
2025-04-13T15:40:43.597876,-124,34,12
2025-04-13T15:40:43.608919,-124,39,10
2025-04-13T15:40:43.626652,-125,42,7
2025-04-13T15:40:43.629216,-123,47,6
2025-04-13T15:40:43.637836,-118,48,8
2025-04-13T15:40:43.647946,-120,48,9
2025-04-13T15:40:43.658029,-120,46,11
2025-04-13T15:40:43.667997,-122,44,12
2025-04-13T15:40:43.677956,-122,44,12
2025-04-13T15:40:43.687953,-123,41,11
2025-04-13T15:40:43.697924,-123,41,11
2025-04-13T15:40:43.709277,-123,40,12
2025-04-13T15:40:43.731505,-124,38,12
2025-04-13T15:40:43.732601,-125,37,6
2025-04-13T15:40:43.737909,-123,35,7
2025-04-13T15:40:43.747871,-122,33,5
2025-04-13T15:40:43.757865,-121,30,7
2025-04-13T15:40:43.767887,-121,29,6
2025-04-13T15:40:43.779744,-121,29,6
2025-04-13T15:40:43.787901,-122,23,11
2025-04-13T15:40:43.797930,-125,17,14
2025-04-13T15:40:43.809081,-126,15,16
2025-04-13T15:40:43.817860,-126,19,11
2025-04-13T15:40:43.831169,-126,26,5
2025-04-13T15:40:43.837785,-123,32,0
2025-04-13T15:40:43.847988,-121,37,-1
2025-04-13T15:40:43.857976,-121,39,-1
2025-04-13T15:40:43.868191,-119,40,-2
2025-04-13T15:40:43.882127,-119,40,-2
2025-04-13T15:40:43.889413,-115,42,1
2025-04-13T15:40:43.897907,-117,43,9
2025-04-13T15:40:43.911574,-122,42,17
2025-04-13T15:40:43.917952,-126,45,23
2025-04-13T15:40:43.934016,-126,46,21
2025-04-13T15:40:43.985648,-123,48,17
2025-04-13T15:40:43.986763,-120,49,12
2025-04-13T15:40:43.987820,-121,45,11
2025-04-13T15:40:43.989383,-121,45,11
2025-04-13T15:40:43.993861,-122,38,12
2025-04-13T15:40:43.995088,-125,35,15
2025-04-13T15:40:43.997844,-123,33,16
2025-04-13T15:40:44.007893,-121,34,9
2025-04-13T15:40:44.018096,-118,38,6
2025-04-13T15:40:44.036231,-120,43,1
2025-04-13T15:40:44.039021,-118,46,2
2025-04-13T15:40:44.072268,-120,47,-1
2025-04-13T15:40:44.073180,-118,48,-1
2025-04-13T15:40:44.074435,-118,48,-1
2025-04-13T15:40:44.077962,-118,49,2
2025-04-13T15:40:44.087947,-118,47,4
2025-04-13T15:40:44.097964,-119,44,6
2025-04-13T15:40:44.108610,-121,41,13
2025-04-13T15:40:44.120347,-121,40,13
2025-04-13T15:40:44.127994,-123,38,16
2025-04-13T15:40:44.138712,-121,37,16
2025-04-13T15:40:44.148079,-123,37,15
2025-04-13T15:40:44.157824,-122,37,15
2025-04-13T15:40:44.168274,-122,37,15
2025-04-13T15:40:44.177982,-121,35,13
2025-04-13T15:40:44.189232,-121,36,12
2025-04-13T15:40:44.198026,-120,38,11
2025-04-13T15:40:44.208087,-121,41,11
2025-04-13T15:40:44.223843,-119,44,9
2025-04-13T15:40:44.228227,-118,46,11
2025-04-13T15:40:44.241074,-118,49,15
2025-04-13T15:40:44.247797,-118,53,17
2025-04-13T15:40:44.257959,-118,53,17
2025-04-13T15:40:44.267931,-117,58,18
2025-04-13T15:40:44.277907,-114,61,13
2025-04-13T15:40:44.291773,-115,63,13
2025-04-13T15:40:44.297772,-114,64,11
2025-04-13T15:40:44.307871,-114,62,12
2025-04-13T15:40:44.320981,-113,63,16
2025-04-13T15:40:44.327931,-114,64,22
2025-04-13T15:40:44.343260,-114,64,22
2025-04-13T15:40:44.348032,-114,69,24
2025-04-13T15:40:44.357906,-117,68,27
2025-04-13T15:40:44.367959,-120,69,26
2025-04-13T15:40:44.378007,-122,67,27
2025-04-13T15:40:44.394150,-126,65,27
2025-04-13T15:40:44.397862,-125,68,16
2025-04-13T15:40:44.407883,-133,58,27
2025-04-13T15:40:44.417868,-134,64,24
2025-04-13T15:40:44.427859,-134,64,24
2025-04-13T15:40:44.441987,-143,58,27
2025-04-13T15:40:44.448156,-144,61,31
2025-04-13T15:40:44.457949,-144,57,40
2025-04-13T15:40:44.467957,-136,51,43
2025-04-13T15:40:44.477540,-130,53,32
2025-04-13T15:40:44.487820,-124,52,25
2025-04-13T15:40:44.497901,-114,55,26
2025-04-13T15:40:44.508169,-111,57,27
2025-04-13T15:40:44.518506,-111,57,27
2025-04-13T15:40:44.530214,-104,62,-6
2025-04-13T15:40:44.538252,-107,58,-5
2025-04-13T15:40:44.548377,-115,56,0
2025-04-13T15:40:44.558089,-123,58,11
2025-04-13T15:40:44.568222,-129,61,21
2025-04-13T15:40:44.578175,-128,64,25
2025-04-13T15:40:44.588020,-122,60,19
2025-04-13T15:40:44.599132,-112,60,7
2025-04-13T15:40:44.608008,-112,60,7
2025-04-13T15:40:44.618014,-105,53,3
2025-04-13T15:40:44.627855,-102,49,3
2025-04-13T15:40:44.637888,-101,51,8
2025-04-13T15:40:44.650488,-102,55,16
2025-04-13T15:40:44.657776,-101,53,18
2025-04-13T15:40:44.667985,-100,60,15
2025-04-13T15:40:44.678003,-100,61,15
2025-04-13T15:40:44.733067,-99,59,19
2025-04-13T15:40:44.735759,-98,63,19
2025-04-13T15:40:44.736705,-98,63,19
2025-04-13T15:40:44.737783,-95,59,23
2025-04-13T15:40:44.738871,-79,-6,-38
2025-04-13T15:40:44.739923,-77,3,32
2025-04-13T15:40:44.749289,-92,37,28
2025-04-13T15:40:44.757853,-83,40,29
2025-04-13T15:40:44.767892,-84,35,26
2025-04-13T15:40:44.779786,-84,31,30
2025-04-13T15:40:44.788696,-85,40,46
2025-04-13T15:40:44.808161,-83,57,53
2025-04-13T15:40:44.816887,-82,46,42
2025-04-13T15:40:44.818452,-81,57,42
2025-04-13T15:40:44.828226,-81,57,42
2025-04-13T15:40:44.838980,-75,63,40
2025-04-13T15:40:44.855453,-71,64,34
2025-04-13T15:40:44.858147,-70,67,30
2025-04-13T15:40:44.868046,-75,64,33
2025-04-13T15:40:44.878236,-79,62,35
2025-04-13T15:40:44.888010,-88,69,40
2025-04-13T15:40:44.897993,-99,69,50
2025-04-13T15:40:44.908066,-107,76,55
2025-04-13T15:40:44.918280,-113,77,57
2025-04-13T15:40:44.927853,-113,94,54
2025-04-13T15:40:44.938073,-113,94,54
2025-04-13T15:40:44.947956,-106,104,41
2025-04-13T15:40:44.957742,-99,106,34
2025-04-13T15:40:44.967801,-94,107,37
2025-04-13T15:40:44.977850,-85,86,44
2025-04-13T15:40:44.987918,-82,69,53
2025-04-13T15:40:44.997816,-63,1,22
2025-04-13T15:40:45.008498,-64,55,32
2025-04-13T15:40:45.017940,-53,48,9
2025-04-13T15:40:45.028277,-88,55,-57
2025-04-13T15:40:45.038323,-88,55,-57
2025-04-13T15:40:45.047871,-232,40,18
2025-04-13T15:40:45.059965,-406,30,276
2025-04-13T15:40:45.067747,-441,145,45
2025-04-13T15:40:45.078020,-211,137,-100
2025-04-13T15:40:45.087847,-43,94,-55
2025-04-13T15:40:45.097907,-16,-17,108
2025-04-13T15:40:45.111175,7,-90,94
2025-04-13T15:40:45.118005,7,-90,94
2025-04-13T15:40:45.128198,-49,-21,-1
2025-04-13T15:40:45.145629,-104,-2,-19
2025-04-13T15:40:45.147908,-128,52,-82
2025-04-13T15:40:45.162659,-129,76,-120
2025-04-13T15:40:45.177998,-176,56,-32
2025-04-13T15:40:45.188359,-158,69,-19
2025-04-13T15:40:45.198156,-158,69,-19
2025-04-13T15:40:45.210276,-128,48,27
2025-04-13T15:40:45.217955,-103,42,33
2025-04-13T15:40:45.227739,-106,37,35
2025-04-13T15:40:45.237838,-100,40,27
2025-04-13T15:40:45.248081,-104,38,25
2025-04-13T15:40:45.265944,-110,39,9
2025-04-13T15:40:45.268702,-114,42,-1
2025-04-13T15:40:45.278035,-114,42,-1
2025-04-13T15:40:45.288036,-121,37,6
2025-04-13T15:40:45.297997,-122,14,26
2025-04-13T15:40:45.307927,-122,16,3
2025-04-13T15:40:45.317853,-118,43,-27
2025-04-13T15:40:45.327914,-109,47,-12
2025-04-13T15:40:45.337961,-110,47,1
2025-04-13T15:40:45.349701,-110,50,-2
2025-04-13T15:40:45.357819,-111,50,-2
2025-04-13T15:40:45.369680,-111,50,-2
2025-04-13T15:40:45.377921,-109,51,-9
2025-04-13T15:40:45.387706,-107,54,-12
2025-04-13T15:40:45.397821,-105,51,-17
2025-04-13T15:40:45.407911,-105,50,-14
2025-04-13T15:40:45.418363,-106,52,-19
2025-04-13T15:40:45.427743,-106,51,-17
2025-04-13T15:40:45.437871,-106,51,-17
2025-04-13T15:40:45.447800,-109,35,-9
2025-04-13T15:40:45.457759,-109,23,3
2025-04-13T15:40:45.469855,-118,32,5
2025-04-13T15:40:45.477773,-121,41,0
2025-04-13T15:40:45.487865,-124,46,-12
2025-04-13T15:40:45.497846,-126,41,-17
2025-04-13T15:40:45.508069,-133,27,-6
2025-04-13T15:40:45.520346,-137,14,21
2025-04-13T15:40:45.527947,-137,14,21
2025-04-13T15:40:45.538028,-136,17,40
2025-04-13T15:40:45.554742,-126,20,26
2025-04-13T15:40:45.557808,-120,26,-5
2025-04-13T15:40:45.571992,-114,36,-10
2025-04-13T15:40:45.577649,-109,44,8
2025-04-13T15:40:45.587845,-114,55,16
2025-04-13T15:40:45.597749,-117,63,11
2025-04-13T15:40:45.607840,-116,72,9
2025-04-13T15:40:45.622988,-116,72,9
2025-04-13T15:40:45.627851,-116,73,0
2025-04-13T15:40:45.637957,-113,64,-2
2025-04-13T15:40:45.648322,-115,55,6
2025-04-13T15:40:45.658001,-123,51,27
2025-04-13T15:40:45.674504,-140,55,49
2025-04-13T15:40:45.677689,-152,74,42
2025-04-13T15:40:45.687987,-157,104,-10
2025-04-13T15:40:45.697890,-160,119,-42
2025-04-13T15:40:45.707936,-160,119,-42
2025-04-13T15:40:45.717930,-159,100,-22
2025-04-13T15:40:45.727838,-145,125,33
2025-04-13T15:40:45.737764,-133,154,87
2025-04-13T15:40:45.748054,-131,86,62
2025-04-13T15:40:45.758207,-109,86,-13
2025-04-13T15:40:45.767991,-109,86,-13
2025-04-13T15:40:45.780660,-118,78,-34
2025-04-13T15:40:45.788485,-145,76,-13
2025-04-13T15:40:45.799350,-174,71,-14
2025-04-13T15:40:45.808238,-188,61,-19
2025-04-13T15:40:45.818982,-193,56,-19
2025-04-13T15:40:45.831736,-202,53,-38
2025-04-13T15:40:45.840188,-202,53,-38
2025-04-13T15:40:45.848644,-209,30,-50
2025-04-13T15:40:45.857886,-210,45,-2
2025-04-13T15:40:45.867998,-200,24,-1
2025-04-13T15:40:45.879500,-175,25,-10
2025-04-13T15:40:45.887857,-152,15,4
2025-04-13T15:40:45.897986,-130,3,-13
2025-04-13T15:40:45.908014,-107,6,-35
2025-04-13T15:40:45.917951,-107,6,-35
2025-04-13T15:40:45.931161,-86,13,5
2025-04-13T15:40:45.937871,-84,26,17
2025-04-13T15:40:45.947843,-93,37,16
2025-04-13T15:40:45.957700,-91,48,22
2025-04-13T15:40:45.968159,-90,55,5
2025-04-13T15:40:45.981799,-82,68,-7
2025-04-13T15:40:45.989765,-80,64,-2
2025-04-13T15:40:45.999733,-79,60,-8
2025-04-13T15:40:46.009639,-84,46,-6
2025-04-13T15:40:46.017643,-87,30,-2
2025-04-13T15:40:46.029735,-87,14,2
2025-04-13T15:40:46.084353,-84,4,6
2025-04-13T15:40:46.085123,-84,4,6
2025-04-13T15:40:46.086177,-78,-4,12
2025-04-13T15:40:46.087270,-74,-1,15
2025-04-13T15:40:46.088386,-74,1,19
2025-04-13T15:40:46.092231,-77,11,24
2025-04-13T15:40:46.100917,-80,26,25
2025-04-13T15:40:46.109656,-80,38,25
2025-04-13T15:40:46.118289,-77,46,20
2025-04-13T15:40:46.127909,-69,52,18
2025-04-13T15:40:46.138070,-66,59,14
2025-04-13T15:40:46.147917,-60,65,16
2025-04-13T15:40:46.157738,-57,63,9
2025-04-13T15:40:46.173616,-57,65,9
2025-04-13T15:40:46.186761,-62,62,20
2025-04-13T15:40:46.192282,-70,62,28
2025-04-13T15:40:46.199952,-70,62,28
2025-04-13T15:40:46.208201,-81,73,30
2025-04-13T15:40:46.221730,-92,77,42
2025-04-13T15:40:46.228270,-105,88,67
2025-04-13T15:40:46.238259,-124,114,107
2025-04-13T15:40:46.252109,-146,156,136
2025-04-13T15:40:46.261310,-157,185,137
2025-04-13T15:40:46.268094,-145,184,98
2025-04-13T15:40:46.278223,-145,184,98
2025-04-13T15:40:46.289209,-107,102,84
2025-04-13T15:40:46.297944,-82,56,76
2025-04-13T15:40:46.308018,-68,22,58
2025-04-13T15:40:46.318494,-77,22,-4
2025-04-13T15:40:46.328259,-98,37,-116
2025-04-13T15:40:46.340081,-213,-25,84
2025-04-13T15:40:46.347701,-354,82,115
2025-04-13T15:40:46.357963,-354,82,115
2025-04-13T15:40:46.369122,-231,158,-56
2025-04-13T15:40:46.378285,-104,122,-61
2025-04-13T15:40:46.391378,-54,21,115
2025-04-13T15:40:46.397874,-11,-25,35
2025-04-13T15:40:46.408026,-55,11,-54
2025-04-13T15:40:46.418033,-98,18,-65
2025-04-13T15:40:46.427791,-98,18,-65
2025-04-13T15:40:46.442188,-134,10,-29
2025-04-13T15:40:46.447855,-144,19,-29
2025-04-13T15:40:46.457900,-152,35,-36
2025-04-13T15:40:46.467981,-140,36,-36
2025-04-13T15:40:46.477704,-134,38,-29
2025-04-13T15:40:46.493752,-129,15,-15
2025-04-13T15:40:46.497719,-129,15,-15
2025-04-13T15:40:46.507739,-106,56,18
2025-04-13T15:40:46.518291,-101,48,-11
2025-04-13T15:40:46.528054,-110,58,-18
2025-04-13T15:40:46.545228,-111,60,-21
2025-04-13T15:40:46.548050,-114,63,-17
2025-04-13T15:40:46.558033,-127,83,-15
2025-04-13T15:40:46.568007,-127,83,-15
2025-04-13T15:40:46.578087,-118,90,-35
2025-04-13T15:40:46.588112,-109,86,-29
2025-04-13T15:40:46.598567,-107,82,-23
2025-04-13T15:40:46.607961,-104,79,-11
2025-04-13T15:40:46.617832,-99,75,-5
2025-04-13T15:40:46.627819,-103,68,-13
2025-04-13T15:40:46.637905,-103,68,-13
2025-04-13T15:40:46.647870,-109,66,-9
2025-04-13T15:40:46.657928,-115,61,-7
2025-04-13T15:40:46.667890,-117,55,-4
2025-04-13T15:40:46.677744,-115,54,-3
2025-04-13T15:40:46.701048,-109,43,-4
2025-04-13T15:40:46.701928,-108,40,-7
2025-04-13T15:40:46.725008,-102,38,-13
2025-04-13T15:40:46.726018,-99,37,-17
2025-04-13T15:40:46.728006,-99,37,-17
2025-04-13T15:40:46.737889,-102,30,-24
2025-04-13T15:40:46.749392,-101,30,-32
2025-04-13T15:40:46.757987,-103,26,-37
2025-04-13T15:40:46.768228,-107,5,-26
2025-04-13T15:40:46.779279,-123,-16,-2
2025-04-13T15:40:46.788444,-135,7,18
2025-04-13T15:40:46.801652,-135,7,18
2025-04-13T15:40:46.808747,-118,24,9
2025-04-13T15:40:46.819024,-114,40,-15
2025-04-13T15:40:46.827896,-113,51,-14
2025-04-13T15:40:46.838752,-115,51,5
2025-04-13T15:40:46.852097,-113,47,18
2025-04-13T15:40:46.866216,-113,42,16
2025-04-13T15:40:46.867874,-111,41,7
2025-04-13T15:40:46.878424,-109,45,5
2025-04-13T15:40:46.887935,-107,50,2
2025-04-13T15:40:46.903435,-107,50,2
2025-04-13T15:40:46.907718,-103,63,4
2025-04-13T15:40:46.918029,-93,77,-3
2025-04-13T15:40:46.927780,-90,72,-9
2025-04-13T15:40:46.944042,-85,70,-1
2025-04-13T15:40:46.950655,-94,78,17
2025-04-13T15:40:46.957947,-105,94,12
2025-04-13T15:40:46.968350,-139,113,-49
2025-04-13T15:40:46.978126,-170,133,-31
2025-04-13T15:40:46.988806,-195,135,-24
2025-04-13T15:40:47.005940,-195,135,-24
2025-04-13T15:40:47.008481,-235,159,17
2025-04-13T15:40:47.018178,-209,132,57
2025-04-13T15:40:47.028286,-175,34,73
2025-04-13T15:40:47.037951,-164,5,42
2025-04-13T15:40:47.048063,-170,28,1
2025-04-13T15:40:47.058004,-157,18,-17
2025-04-13T15:40:47.067937,-157,18,-17
2025-04-13T15:40:47.077969,-159,0,-20
2025-04-13T15:40:47.089276,-167,8,1
2025-04-13T15:40:47.098069,-179,11,14
2025-04-13T15:40:47.107975,-186,27,26
2025-04-13T15:40:47.117792,-180,36,14
2025-04-13T15:40:47.127964,-159,45,-5
2025-04-13T15:40:47.138036,-139,43,-20
2025-04-13T15:40:47.147996,-126,42,-22
2025-04-13T15:40:47.159041,-126,42,-22
2025-04-13T15:40:47.167996,-119,45,-32
2025-04-13T15:40:47.178006,-111,43,-29
2025-04-13T15:40:47.189762,-105,37,-17
2025-04-13T15:40:47.197886,-98,38,-13
2025-04-13T15:40:47.210484,-96,40,-9
2025-04-13T15:40:47.227783,-95,42,-5
2025-04-13T15:40:47.237849,-102,40,-2
2025-04-13T15:40:47.248089,-98,42,1
2025-04-13T15:40:47.258049,-94,45,3
2025-04-13T15:40:47.268102,-89,44,-1
2025-04-13T15:40:47.278155,-84,44,-8
2025-04-13T15:40:47.287950,-85,48,-12
2025-04-13T15:40:47.298315,-90,48,-11
2025-04-13T15:40:47.309566,-94,42,-3
2025-04-13T15:40:47.318046,-93,28,-3
2025-04-13T15:40:47.328217,-90,20,-4
2025-04-13T15:40:47.338248,-88,11,-1
2025-04-13T15:40:47.347892,-88,11,-1
2025-04-13T15:40:47.363716,-80,1,6
2025-04-13T15:40:47.368181,-75,-3,9
2025-04-13T15:40:47.378227,-71,-4,12
2025-04-13T15:40:47.391168,-72,2,15
2025-04-13T15:40:47.399662,-76,10,23
2025-04-13T15:40:47.415407,-80,21,27
2025-04-13T15:40:47.418368,-86,36,37
2025-04-13T15:40:47.428023,-88,55,43
2025-04-13T15:40:47.438248,-88,71,49
2025-04-13T15:40:47.447751,-91,81,59
2025-04-13T15:40:47.457923,-93,98,69
2025-04-13T15:40:47.467974,-98,110,83
2025-04-13T15:40:47.478132,-102,126,92
2025-04-13T15:40:47.488310,-102,126,92
2025-04-13T15:40:47.498305,-111,151,92
2025-04-13T15:40:47.508181,-120,167,75
2025-04-13T15:40:47.518104,-121,151,64
2025-04-13T15:40:47.527785,-127,115,45
2025-04-13T15:40:47.537975,-125,87,37
2025-04-13T15:40:47.548052,-99,65,27
2025-04-13T15:40:47.557894,-99,65,27
2025-04-13T15:40:47.568659,-68,30,37
2025-04-13T15:40:47.577895,-100,44,17
2025-04-13T15:40:47.588203,-139,54,58
2025-04-13T15:40:47.598302,-256,80,222
2025-04-13T15:40:47.608037,-297,223,-30
2025-04-13T15:40:47.620254,-217,171,-186
2025-04-13T15:40:47.629123,-62,-14,-54
2025-04-13T15:40:47.638003,-62,-14,-54
2025-04-13T15:40:47.647872,0,-107,144
2025-04-13T15:40:47.657779,-41,-59,37
2025-04-13T15:40:47.668210,-99,30,-71
2025-04-13T15:40:47.677995,-111,51,-93
2025-04-13T15:40:47.688358,-154,51,-88
2025-04-13T15:40:47.698142,-176,60,-57
2025-04-13T15:40:47.708035,-176,60,-57
2025-04-13T15:40:47.727780,-165,62,-26
2025-04-13T15:40:47.737769,-135,85,-47
2025-04-13T15:40:47.747966,-95,61,-49
2025-04-13T15:40:47.757984,-90,48,-8
2025-04-13T15:40:47.773424,-97,67,30
2025-04-13T15:40:47.777856,-110,65,27
2025-04-13T15:40:47.788016,-110,65,27
2025-04-13T15:40:47.799546,-109,64,26
2025-04-13T15:40:47.808129,-115,58,13
2025-04-13T15:40:47.824799,-118,59,-6
2025-04-13T15:40:47.827724,-119,57,-9
2025-04-13T15:40:47.837951,-120,53,-3
2025-04-13T15:40:47.847909,-124,52,3
2025-04-13T15:40:47.858058,-125,53,-1
2025-04-13T15:40:47.868285,-121,53,-6
2025-04-13T15:40:47.878278,-121,53,-6
2025-04-13T15:40:47.888084,-113,51,-17
2025-04-13T15:40:47.897840,-107,48,-12
2025-04-13T15:40:47.907945,-105,43,-4
2025-04-13T15:40:47.917780,-105,43,-3
2025-04-13T15:40:47.927890,-104,44,-9
2025-04-13T15:40:47.978218,-101,46,-12
2025-04-13T15:40:47.979032,-97,44,-14
2025-04-13T15:40:47.980450,-97,44,-14
2025-04-13T15:40:47.981433,-98,44,-14
2025-04-13T15:40:47.982743,-104,43,-12
2025-04-13T15:40:47.987903,-108,44,-12
2025-04-13T15:40:47.997990,-113,37,-7
2025-04-13T15:40:48.007974,-114,26,0
2025-04-13T15:40:48.018019,-122,26,7
2025-04-13T15:40:48.029699,-124,30,14
2025-04-13T15:40:48.037751,-124,30,14
2025-04-13T15:40:48.047763,-123,41,5
2025-04-13T15:40:48.057835,-117,48,-8
2025-04-13T15:40:48.067768,-111,52,-10
2025-04-13T15:40:48.080332,-109,57,2
2025-04-13T15:40:48.087840,-111,60,14
2025-04-13T15:40:48.097983,-112,65,14
2025-04-13T15:40:48.118005,-109,68,-6
2025-04-13T15:40:48.128552,-107,66,-8
2025-04-13T15:40:48.137796,-107,66,-8
2025-04-13T15:40:48.147954,-109,67,9
2025-04-13T15:40:48.157973,-120,65,27
2025-04-13T15:40:48.167771,-131,69,37
2025-04-13T15:40:48.182869,-136,89,17
2025-04-13T15:40:48.188079,-154,109,-13
2025-04-13T15:40:48.198016,-161,121,-13
2025-04-13T15:40:48.207822,-142,130,27
2025-04-13T15:40:48.218156,-142,130,27
2025-04-13T15:40:48.234478,-150,118,58
2025-04-13T15:40:48.239687,-125,103,6
2025-04-13T15:40:48.257965,-132,89,-21
2025-04-13T15:40:48.267894,-154,86,-15
2025-04-13T15:40:48.278006,-174,85,-11
2025-04-13T15:40:48.288017,-174,85,-11
2025-04-13T15:40:48.298014,-190,72,-14
2025-04-13T15:40:48.308180,-211,64,-19
2025-04-13T15:40:48.318373,-218,64,-6
2025-04-13T15:40:48.328006,-227,49,6
2025-04-13T15:40:48.339531,-216,46,21
2025-04-13T15:40:48.347950,-189,30,21
2025-04-13T15:40:48.357748,-162,27,0
2025-04-13T15:40:48.367994,-162,27,0
2025-04-13T15:40:48.377873,-131,15,-20
2025-04-13T15:40:48.388088,-116,14,-40
2025-04-13T15:40:48.398003,-102,10,-44
2025-04-13T15:40:48.408268,-93,8,-22
2025-04-13T15:40:48.427870,-68,26,19
2025-04-13T15:40:48.447823,-77,50,15
2025-04-13T15:40:48.458039,-77,50,15
2025-04-13T15:40:48.468076,-75,50,10
2025-04-13T15:40:48.477852,-65,58,-2
2025-04-13T15:40:48.490011,-59,50,-10
2025-04-13T15:40:48.498010,-64,43,-11
2025-04-13T15:40:48.508058,-68,33,-11
2025-04-13T15:40:48.519343,-73,23,-2
2025-04-13T15:40:48.528079,-76,18,0
2025-04-13T15:40:48.541714,-76,13,4
2025-04-13T15:40:48.547694,-74,9,2
2025-04-13T15:40:48.558020,-76,5,7
2025-04-13T15:40:48.567876,-76,3,8
2025-04-13T15:40:48.578115,-79,5,11
2025-04-13T15:40:48.592602,-79,8,10
2025-04-13T15:40:48.598009,-82,3,23
2025-04-13T15:40:48.608192,-82,3,23
2025-04-13T15:40:48.628146,-100,45,51
2025-04-13T15:40:48.640578,-104,64,69
2025-04-13T15:40:48.647811,-102,81,70
2025-04-13T15:40:48.657941,-97,101,67
2025-04-13T15:40:48.667983,-87,125,60
2025-04-13T15:40:48.677987,-82,148,47
2025-04-13T15:40:48.747128,-83,171,41
2025-04-13T15:40:48.748060,-82,186,30
2025-04-13T15:40:48.749089,-82,186,30
2025-04-13T15:40:48.750159,-88,174,14
2025-04-13T15:40:48.751240,-99,139,30
2025-04-13T15:40:48.752300,-97,104,53
2025-04-13T15:40:48.755127,-94,84,65
2025-04-13T15:40:48.757774,-95,82,68
2025-04-13T15:40:48.767910,-144,98,58
2025-04-13T15:40:48.777942,-174,129,59
2025-04-13T15:40:48.787916,-252,143,132
2025-04-13T15:40:48.798313,-252,143,132
2025-04-13T15:40:48.808028,-234,164,-110
2025-04-13T15:40:48.817938,-114,51,-92
2025-04-13T15:40:48.831740,-73,-167,172
2025-04-13T15:40:48.837937,-22,-130,128
2025-04-13T15:40:48.848842,-40,-43,41
2025-04-13T15:40:48.862467,-40,-43,41
2025-04-13T15:40:48.868453,-100,40,-66
2025-04-13T15:40:48.877753,-148,53,-87
2025-04-13T15:40:48.887923,-175,44,-57
2025-04-13T15:40:48.899743,-175,40,-63
2025-04-13T15:40:48.907931,-157,58,-66
2025-04-13T15:40:48.918502,-126,59,-70
2025-04-13T15:40:48.928838,-126,59,-70
2025-04-13T15:40:48.938381,-111,61,-44
2025-04-13T15:40:48.951376,-101,33,-26
2025-04-13T15:40:48.957860,-100,27,26
2025-04-13T15:40:48.968018,-112,65,56
2025-04-13T15:40:48.977850,-112,44,39
2025-04-13T15:40:48.987922,-115,46,27
2025-04-13T15:40:48.998863,-115,46,27
2025-04-13T15:40:49.007967,-117,58,-14
2025-04-13T15:40:49.017968,-116,55,-20
2025-04-13T15:40:49.038615,-113,58,-13
2025-04-13T15:40:49.055172,-117,57,-9
2025-04-13T15:40:49.058081,-114,59,-20
2025-04-13T15:40:49.067725,-107,58,-22
2025-04-13T15:40:49.078153,-107,58,-22
2025-04-13T15:40:49.088116,-109,52,-7
2025-04-13T15:40:49.104862,-110,53,-5
2025-04-13T15:40:49.107689,-110,54,-9
2025-04-13T15:40:49.118179,-109,54,-10
2025-04-13T15:40:49.127974,-112,54,-10
2025-04-13T15:40:49.138023,-110,58,-14
2025-04-13T15:40:49.152821,-110,58,-14
2025-04-13T15:40:49.158904,-102,56,-13
2025-04-13T15:40:49.168002,-108,52,-5
2025-04-13T15:40:49.178343,-108,52,-8
2025-04-13T15:40:49.227397,-116,41,4
2025-04-13T15:40:49.228329,-122,23,25
2025-04-13T15:40:49.229266,-128,35,21
2025-04-13T15:40:49.230423,-128,35,21
2025-04-13T15:40:49.238543,-120,52,10
2025-04-13T15:40:49.248142,-109,58,-10
2025-04-13T15:40:49.258233,-107,63,-15
2025-04-13T15:40:49.268032,-107,65,-16
2025-04-13T15:40:49.278135,-103,72,-13
2025-04-13T15:40:49.288177,-105,74,-10
2025-04-13T15:40:49.298166,-104,80,-10
2025-04-13T15:40:49.309434,-104,80,-10
2025-04-13T15:40:49.317961,-106,83,-5
2025-04-13T15:40:49.327993,-105,79,3
2025-04-13T15:40:49.341395,-112,77,9
2025-04-13T15:40:49.347985,-121,76,19
2025-04-13T15:40:49.361349,-135,66,28
2025-04-13T15:40:49.367880,-142,69,28
2025-04-13T15:40:49.377788,-143,91,8
2025-04-13T15:40:49.388325,-143,91,8
2025-04-13T15:40:49.398049,-155,111,-30
2025-04-13T15:40:49.411840,-158,114,-10
2025-04-13T15:40:49.417985,-152,115,29
2025-04-13T15:40:49.428038,-146,103,132
2025-04-13T15:40:49.438580,-122,69,2
2025-04-13T15:40:49.448010,-114,73,-7
2025-04-13T15:40:49.463341,-119,73,-18
2025-04-13T15:40:49.467774,-119,73,-18
2025-04-13T15:40:49.477669,-143,71,-20
2025-04-13T15:40:49.487852,-157,77,-18
2025-04-13T15:40:49.498060,-163,71,-17
2025-04-13T15:40:49.510884,-173,60,-16
2025-04-13T15:40:49.518023,-194,50,-20
2025-04-13T15:40:49.527981,-209,64,-9
2025-04-13T15:40:49.537972,-209,64,-9
2025-04-13T15:40:49.548295,-210,48,23
2025-04-13T15:40:49.562115,-193,44,6
2025-04-13T15:40:49.568299,-176,32,-1
2025-04-13T15:40:49.577947,-156,34,-23
2025-04-13T15:40:49.588057,-132,31,-65
2025-04-13T15:40:49.597974,-117,31,-84
2025-04-13T15:40:49.607968,-98,14,-53
2025-04-13T15:40:49.617936,-98,14,-53
2025-04-13T15:40:49.627994,-85,30,11
2025-04-13T15:40:49.638205,-86,44,33
2025-04-13T15:40:49.650951,-89,51,19
2025-04-13T15:40:49.658032,-85,65,-5
2025-04-13T15:40:49.668197,-81,62,4
2025-04-13T15:40:49.677933,-81,67,-1
2025-04-13T15:40:49.688007,-74,62,-10
2025-04-13T15:40:49.698002,-70,54,-16
2025-04-13T15:40:49.707805,-73,35,-18
2025-04-13T15:40:49.719337,-73,35,-18
2025-04-13T15:40:49.727944,-75,17,-15
2025-04-13T15:40:49.737984,-74,10,-16
2025-04-13T15:40:49.753129,-68,1,-15
2025-04-13T15:40:49.758006,-63,-11,-12
2025-04-13T15:40:49.770652,-60,-18,-8
2025-04-13T15:40:49.777980,-58,-21,-5
2025-04-13T15:40:49.788236,-56,-22,4
2025-04-13T15:40:49.798139,-65,-19,20
2025-04-13T15:40:49.808000,-65,-19,20
2025-04-13T15:40:49.822935,-77,30,27
2025-04-13T15:40:49.827995,-84,64,33
2025-04-13T15:40:49.838431,-94,89,40
2025-04-13T15:40:49.848432,-104,107,55
2025-04-13T15:40:49.858146,-108,131,65
2025-04-13T15:40:49.884129,-106,139,89
2025-04-13T15:40:49.887440,-101,155,103
2025-04-13T15:40:49.888555,-97,183,107
2025-04-13T15:40:49.898146,-97,183,107
2025-04-13T15:40:49.908283,-97,197,76
2025-04-13T15:40:49.923754,-109,179,36
2025-04-13T15:40:49.928027,-129,142,32
2025-04-13T15:40:49.940336,-121,96,32
2025-04-13T15:40:49.947892,-93,63,27
2025-04-13T15:40:49.957905,-71,47,27
2025-04-13T15:40:49.975232,-128,53,-34
2025-04-13T15:40:49.994101,-128,53,-34
2025-04-13T15:40:49.998898,-207,53,136
2025-04-13T15:40:50.003703,-277,164,77
2025-04-13T15:40:50.008835,-276,186,-78
2025-04-13T15:40:50.018076,-111,82,-76
2025-04-13T15:40:50.030683,-36,-22,22
2025-04-13T15:40:50.061381,-36,-22,22
2025-04-13T15:40:50.062629,-2,-87,86
2025-04-13T15:40:50.065556,-43,-49,30
2025-04-13T15:40:50.070636,-100,5,-38
2025-04-13T15:40:50.078824,-114,36,-62
2025-04-13T15:40:50.091703,-146,36,-45
2025-04-13T15:40:50.101671,-160,33,-28
2025-04-13T15:40:50.111025,-155,45,-51
2025-04-13T15:40:50.120700,-155,45,-51
2025-04-13T15:40:50.128674,-130,69,-102
2025-04-13T15:40:50.153069,-125,64,-55
2025-04-13T15:40:50.158651,-120,59,-44
2025-04-13T15:40:50.168203,-111,14,-4
2025-04-13T15:40:50.180326,-115,-35,77
2025-04-13T15:40:50.190122,-115,-35,77
2025-04-13T15:40:50.198107,-114,53,27
2025-04-13T15:40:50.208450,-118,38,28
2025-04-13T15:40:50.218357,-116,49,-5
2025-04-13T15:40:50.231055,-119,49,-14
2025-04-13T15:40:50.238051,-123,49,-11
2025-04-13T15:40:50.247830,-125,49,-5
2025-04-13T15:40:50.262698,-120,45,3
2025-04-13T15:40:50.267895,-120,45,3
2025-04-13T15:40:50.282590,-112,35,-8
2025-04-13T15:40:50.298390,-107,50,-17
2025-04-13T15:40:50.308007,-106,53,-13
2025-04-13T15:40:50.318302,-105,56,-14
2025-04-13T15:40:50.328313,-102,62,-19
2025-04-13T15:40:50.338060,-100,63,-23
2025-04-13T15:40:50.347716,-100,63,-23
2025-04-13T15:40:50.360276,-98,66,-16
2025-04-13T15:40:50.368070,-101,67,-11
2025-04-13T15:40:50.384845,-104,68,-7
2025-04-13T15:40:50.387883,-109,69,-6
2025-04-13T15:40:50.397996,-112,67,-4
2025-04-13T15:40:50.407887,-110,62,-5
2025-04-13T15:40:50.417922,-113,61,-5
2025-04-13T15:40:50.428192,-113,61,-5
2025-04-13T15:40:50.438089,-117,53,-2
2025-04-13T15:40:50.448000,-120,41,5
2025-04-13T15:40:50.457983,-122,40,8
2025-04-13T15:40:50.470184,-123,47,12
2025-04-13T15:40:50.477610,-118,52,7
2025-04-13T15:40:50.490597,-110,60,0
2025-04-13T15:40:50.498015,-108,62,-10
2025-04-13T15:40:50.507941,-104,70,-18
2025-04-13T15:40:50.517980,-104,70,-18
2025-04-13T15:40:50.527945,-93,66,-15
2025-04-13T15:40:50.538339,-93,63,-1
2025-04-13T15:40:50.548105,-105,69,13
2025-04-13T15:40:50.557984,-121,80,21
2025-04-13T15:40:50.572536,-128,94,18
2025-04-13T15:40:50.578015,-135,106,-8
2025-04-13T15:40:50.589905,-155,115,-24
2025-04-13T15:40:50.597772,-155,115,-24
2025-04-13T15:40:50.607932,-157,124,-4
2025-04-13T15:40:50.618128,-160,130,28
2025-04-13T15:40:50.628037,-172,124,107
2025-04-13T15:40:50.640580,-150,41,70
2025-04-13T15:40:50.648073,-128,61,14
2025-04-13T15:40:50.657972,-119,47,5
2025-04-13T15:40:50.668061,-119,47,5
2025-04-13T15:40:50.677975,-136,36,-2
2025-04-13T15:40:50.692354,-152,31,6
2025-04-13T15:40:50.726123,-171,41,3
2025-04-13T15:40:50.727050,-175,49,-13
2025-04-13T15:40:50.729108,-184,57,-30
2025-04-13T15:40:50.743176,-182,58,-28
2025-04-13T15:40:50.748016,-183,52,-13
2025-04-13T15:40:50.757929,-183,52,-13
2025-04-13T15:40:50.777523,-183,56,6
2025-04-13T15:40:50.778191,-171,50,-8
2025-04-13T15:40:50.798139,-129,39,-45
2025-04-13T15:40:50.808398,-113,38,-54
2025-04-13T15:40:50.818214,-99,38,-43
2025-04-13T15:40:50.828409,-99,38,-43
2025-04-13T15:40:50.838216,-88,42,10
2025-04-13T15:40:50.848194,-85,59,27
2025-04-13T15:40:50.858018,-83,63,13
2025-04-13T15:40:50.868275,-81,76,11
2025-04-13T15:40:50.898262,-80,73,-5
2025-04-13T15:40:50.899127,-74,67,-10
2025-04-13T15:40:50.902001,-69,60,-7
2025-04-13T15:40:50.907920,-69,58,-13
2025-04-13T15:40:50.917935,-76,32,-6
2025-04-13T15:40:50.928626,-79,23,-10
2025-04-13T15:40:50.938096,-79,23,-10
2025-04-13T15:40:50.948329,-81,13,-6
2025-04-13T15:40:50.957994,-77,4,-5
2025-04-13T15:40:50.967944,-74,-1,2
2025-04-13T15:40:50.982224,-71,-8,8
2025-04-13T15:40:50.987883,-71,-15,10
2025-04-13T15:40:50.999179,-77,-17,17
2025-04-13T15:40:51.007964,-81,-2,21
2025-04-13T15:40:51.017954,-86,18,26
2025-04-13T15:40:51.027872,-86,38,31
2025-04-13T15:40:51.038409,-86,65,32
2025-04-13T15:40:51.050514,-84,78,33
2025-04-13T15:40:51.058235,-84,78,33
2025-04-13T15:40:51.068009,-90,97,33
2025-04-13T15:40:51.079381,-91,100,46
2025-04-13T15:40:51.087983,-95,108,61
2025-04-13T15:40:51.098155,-96,112,70
2025-04-13T15:40:51.107783,-96,136,71
2025-04-13T15:40:51.124299,-102,147,73
2025-04-13T15:40:51.127799,-114,182,54
2025-04-13T15:40:51.137958,-125,191,47
2025-04-13T15:40:51.148096,-125,191,47
2025-04-13T15:40:51.158087,-111,151,28
2025-04-13T15:40:51.168097,-88,113,19
2025-04-13T15:40:51.187823,-87,65,-7
2025-04-13T15:40:51.206936,-112,73,-47
2025-04-13T15:40:51.214268,-201,46,127
2025-04-13T15:40:51.218000,-322,77,186
2025-04-13T15:40:51.227858,-322,77,186
2025-04-13T15:40:51.237805,-226,131,-102
2025-04-13T15:40:51.251689,-74,63,-95
2025-04-13T15:40:51.257960,-26,-1,-69
2025-04-13T15:40:51.267940,0,-95,136
2025-04-13T15:40:51.278046,-19,-74,123
2025-04-13T15:40:51.289179,-43,-19,14
2025-04-13T15:40:51.306621,-43,-19,14
2025-04-13T15:40:51.309569,-93,39,-72
2025-04-13T15:40:51.322338,-133,63,-65
2025-04-13T15:40:51.328509,-177,70,-67
2025-04-13T15:40:51.346028,-185,75,-46
2025-04-13T15:40:51.348791,-170,81,-49
2025-04-13T15:40:51.366240,-146,91,-79
2025-04-13T15:40:51.368260,-146,91,-79
2025-04-13T15:40:51.377978,-108,46,-17
2025-04-13T15:40:51.389163,-102,57,29
2025-04-13T15:40:51.409048,-102,66,26
2025-04-13T15:40:51.417758,-99,61,13
2025-04-13T15:40:51.427981,-99,61,-10
2025-04-13T15:40:51.437972,-107,62,-15
2025-04-13T15:40:51.448264,-120,64,-2
2025-04-13T15:40:51.460130,-120,64,-2
2025-04-13T15:40:51.468044,-132,66,13
2025-04-13T15:40:51.477835,-128,62,11
2025-04-13T15:40:51.488894,-123,55,12
2025-04-13T15:40:51.498111,-118,30,16
2025-04-13T15:40:51.511185,-112,25,-6
2025-04-13T15:40:51.518046,-102,39,-27
2025-04-13T15:40:51.528006,-93,44,-19
2025-04-13T15:40:51.538073,-93,44,-19
2025-04-13T15:40:51.548284,-96,53,-11
2025-04-13T15:40:51.562253,-97,54,-14
2025-04-13T15:40:51.568167,-98,56,-24
2025-04-13T15:40:51.577902,-101,55,-27
2025-04-13T15:40:51.589129,-106,56,-26
2025-04-13T15:40:51.598049,-110,55,-24
2025-04-13T15:40:51.613949,-110,45,-17
2025-04-13T15:40:51.618056,-110,45,-17
2025-04-13T15:40:51.627988,-121,18,10
2025-04-13T15:40:51.637893,-122,19,25
2025-04-13T15:40:51.648096,-122,27,26
2025-04-13T15:40:51.664803,-121,37,13
2025-04-13T15:40:51.668140,-120,41,-4
2025-04-13T15:40:51.678051,-119,42,-9
2025-04-13T15:40:51.688179,-120,39,5
2025-04-13T15:40:51.698917,-120,39,5
2025-04-13T15:40:51.719234,-112,56,23
2025-04-13T15:40:51.728113,-99,72,12
2025-04-13T15:40:51.748169,-104,78,-5
2025-04-13T15:40:51.757985,-101,81,-1
2025-04-13T15:40:51.768012,-101,84,11
2025-04-13T15:40:51.778206,-106,85,24
2025-04-13T15:40:51.787993,-113,95,32
2025-04-13T15:40:51.801332,-113,95,32
2025-04-13T15:40:51.808083,-125,102,-27
2025-04-13T15:40:51.818564,-150,126,-20
2025-04-13T15:40:51.827890,-156,125,3
2025-04-13T15:40:51.838183,-156,138,2
2025-04-13T15:40:51.848122,-169,152,1
2025-04-13T15:40:51.858039,-191,122,101
2025-04-13T15:40:51.869631,-191,122,101
2025-04-13T15:40:51.878263,-158,53,30
2025-04-13T15:40:51.888116,-153,43,12
2025-04-13T15:40:51.901757,-151,35,4
2025-04-13T15:40:51.921350,-158,45,-32
2025-04-13T15:40:51.928102,-169,54,-32
2025-04-13T15:40:51.937974,-179,65,-33
2025-04-13T15:40:51.947770,-179,65,-33
2025-04-13T15:40:51.957853,-176,59,-22
2025-04-13T15:40:51.971436,-177,58,-17
2025-04-13T15:40:51.978102,-162,55,-23
2025-04-13T15:40:51.988103,-148,55,-42
2025-04-13T15:40:52.001067,-129,55,-64
2025-04-13T15:40:52.023348,-117,46,-47
2025-04-13T15:40:52.024475,-117,46,-47
2025-04-13T15:40:52.027750,-103,34,-20
2025-04-13T15:40:52.037991,-92,44,-46
2025-04-13T15:40:52.048034,-81,36,-31
2025-04-13T15:40:52.058055,-75,48,7
2025-04-13T15:40:52.074144,-78,52,-5
2025-04-13T15:40:52.078159,-74,60,-22
2025-04-13T15:40:52.088069,-72,65,-27
2025-04-13T15:40:52.097983,-72,65,-27
2025-04-13T15:40:52.108500,-65,63,-32
2025-04-13T15:40:52.128413,-73,63,-36
2025-04-13T15:40:52.137962,-85,46,-15
2025-04-13T15:40:52.147918,-95,33,-5
2025-04-13T15:40:52.157912,-97,22,-11
2025-04-13T15:40:52.167952,-97,19,-14
2025-04-13T15:40:52.178016,-104,18,-10
2025-04-13T15:40:52.188080,-104,18,-10
2025-04-13T15:40:52.198100,-111,29,-3
2025-04-13T15:40:52.218461,-120,40,11
2025-04-13T15:40:52.227927,-123,42,26
2025-04-13T15:40:52.237907,-122,44,42
2025-04-13T15:40:52.248147,-118,47,55
2025-04-13T15:40:52.258107,-102,50,56
2025-04-13T15:40:52.268041,-88,53,50
2025-04-13T15:40:52.279098,-88,53,50
2025-04-13T15:40:52.287985,-80,53,26
2025-04-13T15:40:52.298076,-86,54,12
2025-04-13T15:40:52.318076,-77,85,-2
2025-04-13T15:40:52.330815,-78,97,-1
2025-04-13T15:40:52.339172,-85,110,4
2025-04-13T15:40:52.348092,-83,131,-7
2025-04-13T15:40:52.358007,-81,149,-10
2025-04-13T15:40:52.367974,-79,156,7
2025-04-13T15:40:52.381522,-79,156,7
2025-04-13T15:40:52.387972,-85,137,27
2025-04-13T15:40:52.398144,-84,118,27
2025-04-13T15:40:52.413250,-79,93,21
2025-04-13T15:40:52.418235,-81,75,7
2025-04-13T15:40:52.432926,-124,79,-25
2025-04-13T15:40:52.437959,-170,79,-51
2025-04-13T15:40:52.448166,-323,26,196
2025-04-13T15:40:52.458180,-379,111,181
2025-04-13T15:40:52.468353,-379,111,181
2025-04-13T15:40:52.483875,-137,142,-88
2025-04-13T15:40:52.487835,-69,24,-68
2025-04-13T15:40:52.498018,-34,-26,56
2025-04-13T15:40:52.508230,-17,-83,171
2025-04-13T15:40:52.518334,-27,-71,86
2025-04-13T15:40:52.535529,-35,-21,-21
2025-04-13T15:40:52.538221,-35,-21,-21
2025-04-13T15:40:52.548306,-71,36,-96
2025-04-13T15:40:52.557877,-107,77,-96
2025-04-13T15:40:52.568196,-152,93,-95
2025-04-13T15:40:52.578058,-176,99,-77
2025-04-13T15:40:52.587970,-179,91,-56
2025-04-13T15:40:52.597961,-157,102,-56
2025-04-13T15:40:52.608570,-157,102,-56
2025-04-13T15:40:52.620912,-113,64,12
2025-04-13T15:40:52.628141,-106,61,22
2025-04-13T15:40:52.638121,-104,72,15
2025-04-13T15:40:52.648140,-106,63,17
2025-04-13T15:40:52.658150,-110,59,0
2025-04-13T15:40:52.668150,-117,61,-10
2025-04-13T15:40:52.678502,-128,64,-12
2025-04-13T15:40:52.688667,-128,64,-12
2025-04-13T15:40:52.729898,-148,56,1
2025-04-13T15:40:52.730456,-147,51,-3
2025-04-13T15:40:52.736409,-139,44,-2
2025-04-13T15:40:52.739953,-129,35,-4
2025-04-13T15:40:52.741091,-124,-46,6
2025-04-13T15:40:52.748002,-133,-16,14
2025-04-13T15:40:52.758039,-117,16,28
2025-04-13T15:40:52.768072,-117,16,28
2025-04-13T15:40:52.777919,-103,43,-8
2025-04-13T15:40:52.791857,-99,57,-43
2025-04-13T15:40:52.797943,-96,61,-50
2025-04-13T15:40:52.808410,-96,57,-28
2025-04-13T15:40:52.825458,-104,62,-11
2025-04-13T15:40:52.827967,-105,58,14
2025-04-13T15:40:52.842686,-105,49,20
2025-04-13T15:40:52.847813,-105,46,9
2025-04-13T15:40:52.857989,-105,46,9
2025-04-13T15:40:52.868115,-108,43,4
2025-04-13T15:40:52.878037,-112,42,-1
2025-04-13T15:40:52.893705,-115,40,-3
2025-04-13T15:40:52.897892,-118,34,-1
2025-04-13T15:40:52.908114,-121,28,9
2025-04-13T15:40:52.927524,-125,24,21
2025-04-13T15:40:52.929054,-125,31,24
2025-04-13T15:40:52.944856,-120,40,20
2025-04-13T15:40:52.947856,-116,55,5
2025-04-13T15:40:52.957767,-116,55,5
2025-04-13T15:40:52.967956,-107,72,-10
2025-04-13T15:40:52.978050,-100,79,-10
2025-04-13T15:40:52.987842,-102,81,-14
2025-04-13T15:40:52.998087,-101,85,1
2025-04-13T15:40:53.007958,-104,90,24
2025-04-13T15:40:53.031387,-115,96,32
2025-04-13T15:40:53.032289,-121,101,23
2025-04-13T15:40:53.037976,-121,101,23
2025-04-13T15:40:53.048021,-129,110,-5
2025-04-13T15:40:53.057834,-144,124,-16
2025-04-13T15:40:53.068097,-142,133,-16
2025-04-13T15:40:53.079171,-137,149,-14
2025-04-13T15:40:53.088333,-157,151,14
2025-04-13T15:40:53.098014,-157,151,14
2025-04-13T15:40:53.107720,-152,91,97
2025-04-13T15:40:53.117937,-141,70,32
2025-04-13T15:40:53.132770,-125,68,2
2025-04-13T15:40:53.137974,-127,54,-8
2025-04-13T15:40:53.149749,-134,37,-5
2025-04-13T15:40:53.157839,-147,23,0
2025-04-13T15:40:53.168300,-157,32,-14
2025-04-13T15:40:53.178141,-166,49,-12
2025-04-13T15:40:53.188032,-166,49,-12
2025-04-13T15:40:53.200661,-173,52,-23
2025-04-13T15:40:53.207759,-166,55,-30
2025-04-13T15:40:53.218079,-151,45,-31
2025-04-13T15:40:53.235166,-154,51,-29
2025-04-13T15:40:53.237910,-148,57,-43
2025-04-13T15:40:53.248715,-138,53,-45
2025-04-13T15:40:53.257918,-138,53,-45
2025-04-13T15:40:53.268260,-125,43,-32
2025-04-13T15:40:53.278241,-115,46,-36
2025-04-13T15:40:53.289742,-102,53,-49
2025-04-13T15:40:53.307251,-95,48,-15
2025-04-13T15:40:53.308383,-94,57,21
2025-04-13T15:40:53.318002,-89,69,3
2025-04-13T15:40:53.327763,-83,72,-13
2025-04-13T15:40:53.338080,-83,72,-13
2025-04-13T15:40:53.354729,-74,80,-21
2025-04-13T15:40:53.359981,-77,74,-16
2025-04-13T15:40:53.367921,-76,71,-13
2025-04-13T15:40:53.377983,-80,55,-10
2025-04-13T15:40:53.388099,-79,45,-12
2025-04-13T15:40:53.397984,-81,36,-16
2025-04-13T15:40:53.407956,-88,38,-14
2025-04-13T15:40:53.417948,-91,37,-11
2025-04-13T15:40:53.427632,-91,37,-11
2025-04-13T15:40:53.439838,-98,34,1
2025-04-13T15:40:53.447921,-104,37,12
2025-04-13T15:40:53.459401,-113,38,22
2025-04-13T15:40:53.467775,-116,42,19
2025-04-13T15:40:53.477862,-119,43,22
2025-04-13T15:40:53.487817,-118,48,27
2025-04-13T15:40:53.498001,-112,49,33
2025-04-13T15:40:53.507989,-106,51,41
2025-04-13T15:40:53.517907,-106,51,41
2025-04-13T15:40:53.527820,-97,58,50
2025-04-13T15:40:53.547954,-90,60,33
2025-04-13T15:40:53.559217,-88,60,21
2025-04-13T15:40:53.572893,-91,69,1
2025-04-13T15:40:53.588074,-87,75,-5
2025-04-13T15:40:53.598003,-83,79,-2
2025-04-13T15:40:53.610089,-83,91,1
2025-04-13T15:40:53.618003,-79,92,12
2025-04-13T15:40:53.627730,-73,107,17
2025-04-13T15:40:53.644327,-73,107,17
2025-04-13T15:40:53.661505,-67,115,27
2025-04-13T15:40:53.667779,-72,107,27
2025-04-13T15:40:53.677854,-80,97,22
2025-04-13T15:40:53.688063,-87,84,10
2025-04-13T15:40:53.697916,-104,71,2
2025-04-13T15:40:53.712752,-158,89,-31
2025-04-13T15:40:53.718165,-234,84,5
2025-04-13T15:40:53.727916,-234,84,5
2025-04-13T15:40:53.747161,-374,101,170
2025-04-13T15:40:53.748078,-275,130,29
2025-04-13T15:40:53.763988,-111,115,8
2025-04-13T15:40:53.767817,-54,31,-52
2025-04-13T15:40:53.777988,-15,-42,49
2025-04-13T15:40:53.788003,-23,-109,182
2025-04-13T15:40:53.797913,-34,-7,77
2025-04-13T15:40:53.807899,-34,-7,77
2025-04-13T15:40:53.818007,-57,-28,-75
2025-04-13T15:40:53.827765,-76,21,-102
2025-04-13T15:40:53.838039,-123,71,-119
2025-04-13T15:40:53.849119,-160,106,-121
2025-04-13T15:40:53.869217,-172,94,-56
2025-04-13T15:40:53.878270,-172,94,-56
2025-04-13T15:40:53.889707,-122,50,10
2025-04-13T15:40:53.898056,-101,28,36
2025-04-13T15:40:53.907975,-118,91,37
2025-04-13T15:40:53.918450,-107,93,60
2025-04-13T15:40:53.928081,-100,90,50
2025-04-13T15:40:53.981246,-97,71,23
2025-04-13T15:40:53.982493,-105,59,0
2025-04-13T15:40:53.986915,-105,59,0
2025-04-13T15:40:53.989116,-104,66,-20
2025-04-13T15:40:53.990964,-116,61,-18
2025-04-13T15:40:53.996782,-127,66,-12
2025-04-13T15:40:53.998037,-133,63,-1
2025-04-13T15:40:54.010706,-130,57,1
2025-04-13T15:40:54.024361,-126,58,-15
2025-04-13T15:40:54.053603,-121,55,-20
2025-04-13T15:40:54.055191,-121,55,-20
2025-04-13T15:40:54.056988,-116,51,-21
2025-04-13T15:40:54.071122,-109,42,-17
2025-04-13T15:40:54.075632,-109,29,-13
2025-04-13T15:40:54.085007,-107,38,-15
2025-04-13T15:40:54.089936,-112,41,-9
2025-04-13T15:40:54.099447,-114,47,-17
2025-04-13T15:40:54.108992,-114,47,-17
2025-04-13T15:40:54.127247,-105,38,-35
2025-04-13T15:40:54.129259,-106,32,-27
2025-04-13T15:40:54.142068,-107,21,-15
2025-04-13T15:40:54.158383,-112,20,4
2025-04-13T15:40:54.159434,-118,29,16
2025-04-13T15:40:54.173833,-119,33,9
2025-04-13T15:40:54.181256,-118,36,7
2025-04-13T15:40:54.188045,-118,36,7
2025-04-13T15:40:54.198155,-118,42,5
2025-04-13T15:40:54.224495,-116,50,8
2025-04-13T15:40:54.227910,-113,55,9
2025-04-13T15:40:54.237858,-109,59,1
2025-04-13T15:40:54.248173,-103,63,-8
2025-04-13T15:40:54.258951,-96,74,-4
2025-04-13T15:40:54.276390,-106,71,-14
2025-04-13T15:40:54.279160,-102,73,-19
2025-04-13T15:40:54.288123,-105,73,-17
2025-04-13T15:40:54.298017,-105,73,-17
2025-04-13T15:40:54.308247,-112,76,-4
2025-04-13T15:40:54.318142,-121,77,5
2025-04-13T15:40:54.328307,-127,81,11
2025-04-13T15:40:54.338490,-135,101,21
2025-04-13T15:40:54.348432,-146,106,-18
2025-04-13T15:40:54.361155,-148,105,-36
2025-04-13T15:40:54.368200,-148,105,-36
2025-04-13T15:40:54.378925,-147,107,1
2025-04-13T15:40:54.388123,-155,107,25
2025-04-13T15:40:54.408107,-160,53,78
2025-04-13T15:40:54.418314,-135,54,25
2025-04-13T15:40:54.429519,-122,55,-5
2025-04-13T15:40:54.437889,-122,55,-5
2025-04-13T15:40:54.448016,-119,55,-3
2025-04-13T15:40:54.461414,-126,51,11
2025-04-13T15:40:54.468118,-140,59,2
2025-04-13T15:40:54.480847,-153,74,-4
2025-04-13T15:40:54.487839,-159,74,-10
2025-04-13T15:40:54.497896,-154,73,-15
2025-04-13T15:40:54.508050,-155,70,-22
2025-04-13T15:40:54.517984,-157,64,-35
2025-04-13T15:40:54.531886,-157,64,-35
2025-04-13T15:40:54.537966,-163,61,-31
2025-04-13T15:40:54.548012,-162,62,-28
2025-04-13T15:40:54.558211,-151,63,-50
2025-04-13T15:40:54.567865,-139,48,-34
2025-04-13T15:40:54.583617,-122,42,-31
2025-04-13T15:40:54.587799,-122,42,-31
2025-04-13T15:40:54.598134,-91,38,-39
2025-04-13T15:40:54.608031,-84,34,-4
2025-04-13T15:40:54.618049,-84,43,13
2025-04-13T15:40:54.634174,-87,54,17
2025-04-13T15:40:54.638055,-91,56,9
2025-04-13T15:40:54.648045,-88,75,-2
2025-04-13T15:40:54.657916,-91,66,3
2025-04-13T15:40:54.668487,-89,64,-2
2025-04-13T15:40:54.685535,-88,49,-6
2025-04-13T15:40:54.688540,-90,32,-10
2025-04-13T15:40:54.697938,-93,22,-12
2025-04-13T15:40:54.707889,-93,22,-12
2025-04-13T15:40:54.717941,-90,6,0
2025-04-13T15:40:54.727871,-87,1,8
2025-04-13T15:40:54.737851,-84,-5,14
2025-04-13T15:40:54.747964,-86,4,15
2025-04-13T15:40:54.757976,-90,11,22
2025-04-13T15:40:54.768236,-95,28,25
2025-04-13T15:40:54.778106,-99,40,27
2025-04-13T15:40:54.788116,-98,54,27
2025-04-13T15:40:54.797850,-98,62,28
2025-04-13T15:40:54.808035,-89,73,25
2025-04-13T15:40:54.818082,-87,69,22
2025-04-13T15:40:54.828234,-83,74,19
2025-04-13T15:40:54.839096,-83,74,19
2025-04-13T15:40:54.847816,-87,71,27
2025-04-13T15:40:54.857955,-94,74,34
2025-04-13T15:40:54.868103,-99,78,39
2025-04-13T15:40:54.878172,-103,87,42
2025-04-13T15:40:54.890571,-101,97,51
2025-04-13T15:40:54.897796,-93,104,56
2025-04-13T15:40:54.907789,-84,119,47
2025-04-13T15:40:54.917948,-81,127,42
2025-04-13T15:40:54.927949,-83,127,32
2025-04-13T15:40:54.938208,-83,127,32
2025-04-13T15:40:54.948057,-83,108,29
2025-04-13T15:40:54.957981,-82,95,31
2025-04-13T15:40:54.973426,-84,86,26
2025-04-13T15:40:54.977819,-123,87,4
2025-04-13T15:40:54.992798,-176,100,-16
2025-04-13T15:40:54.997881,-283,57,143
2025-04-13T15:40:55.008016,-328,98,111
2025-04-13T15:40:55.017923,-253,112,-3
2025-04-13T15:40:55.027880,-253,112,-3
2025-04-13T15:40:55.044218,-63,28,-21
2025-04-13T15:40:55.047984,-33,-12,-7
2025-04-13T15:40:55.057967,-22,-54,58
2025-04-13T15:40:55.067908,-28,-51,76
2025-04-13T15:40:55.077865,-39,-19,-2
2025-04-13T15:40:55.095170,-74,1,-65
2025-04-13T15:40:55.098133,-102,48,-93
2025-04-13T15:40:55.107948,-102,48,-93
2025-04-13T15:40:55.117925,-150,84,-92
2025-04-13T15:40:55.127927,-155,86,-80
2025-04-13T15:40:55.137947,-141,78,-55
2025-04-13T15:40:55.147980,-117,64,-27
2025-04-13T15:40:55.157740,-107,12,1
2025-04-13T15:40:55.168046,-105,85,27
2025-04-13T15:40:55.178575,-99,110,46
2025-04-13T15:40:55.187947,-99,110,46
2025-04-13T15:40:55.197993,-106,84,27
2025-04-13T15:40:55.207852,-94,71,8
2025-04-13T15:40:55.218137,-108,58,1
2025-04-13T15:40:55.227950,-110,61,-9
2025-04-13T15:40:55.237925,-116,56,-1
2025-04-13T15:40:55.249027,-122,49,-1
2025-04-13T15:40:55.258390,-124,49,-3
2025-04-13T15:40:55.268069,-125,47,-5
2025-04-13T15:40:55.282928,-125,47,-5
2025-04-13T15:40:55.288117,-119,43,-16
2025-04-13T15:40:55.300271,-111,39,-24
2025-04-13T15:40:55.307934,-107,32,-23
2025-04-13T15:40:55.318081,-110,29,-21
2025-04-13T15:40:55.328202,-104,32,-18
2025-04-13T15:40:55.338138,-106,39,-16
2025-04-13T15:40:55.351001,-106,39,-16
2025-04-13T15:40:55.357874,-110,48,-14
2025-04-13T15:40:55.368539,-110,48,-21
2025-04-13T15:40:55.378064,-112,51,-29
2025-04-13T15:40:55.402563,-114,49,-14
2025-04-13T15:40:55.403620,-113,45,0
2025-04-13T15:40:55.412290,-114,48,17
2025-04-13T15:40:55.417882,-117,53,19
2025-04-13T15:40:55.427810,-117,53,19
2025-04-13T15:40:55.437945,-117,60,-7
2025-04-13T15:40:55.453758,-118,63,-10
2025-04-13T15:40:55.458037,-120,60,-10
2025-04-13T15:40:55.468076,-123,53,4
2025-04-13T15:40:55.478062,-123,46,12
2025-04-13T15:40:55.487882,-122,46,9
2025-04-13T15:40:55.504807,-120,46,6
2025-04-13T15:40:55.507806,-120,50,-1
2025-04-13T15:40:55.518178,-120,50,-1
2025-04-13T15:40:55.528015,-114,57,-16
2025-04-13T15:40:55.537992,-104,64,-21
2025-04-13T15:40:55.548190,-106,63,-18
2025-04-13T15:40:55.558176,-106,68,-16
2025-04-13T15:40:55.568194,-107,70,-1
2025-04-13T15:40:55.577950,-115,75,13
2025-04-13T15:40:55.590431,-115,75,13
2025-04-13T15:40:55.598112,-123,82,19
2025-04-13T15:40:55.608148,-123,82,16
2025-04-13T15:40:55.618144,-124,82,16
2025-04-13T15:40:55.628033,-127,86,-5
2025-04-13T15:40:55.638109,-126,95,-27
2025-04-13T15:40:55.648193,-124,104,-27
2025-04-13T15:40:55.658525,-127,115,-29
2025-04-13T15:40:55.668057,-127,115,-29
2025-04-13T15:40:55.677680,-146,130,7
2025-04-13T15:40:55.712718,-169,137,87
2025-04-13T15:40:55.713277,-161,78,72
2025-04-13T15:40:55.714306,-145,77,15
2025-04-13T15:40:55.762138,-127,66,-2
2025-04-13T15:40:55.763290,-129,47,-2
2025-04-13T15:40:55.764257,-141,35,8
2025-04-13T15:40:55.765359,-141,35,8
2025-04-13T15:40:55.766403,-168,32,14
2025-04-13T15:40:55.767943,-174,42,13
2025-04-13T15:40:55.777943,-186,42,-4
2025-04-13T15:40:55.799425,-168,45,-28
2025-04-13T15:40:55.812053,-163,40,-31
2025-04-13T15:40:55.817794,-158,41,-36
2025-04-13T15:40:55.828068,-158,41,-36
2025-04-13T15:40:55.838360,-152,37,-24
2025-04-13T15:40:55.849083,-134,41,-50
2025-04-13T15:40:55.868243,-94,36,-38
2025-04-13T15:40:55.878060,-81,42,-17
2025-04-13T15:40:55.892384,-77,41,26
2025-04-13T15:40:55.898000,-77,41,26
2025-04-13T15:40:55.914444,-75,67,24
2025-04-13T15:40:55.928025,-78,82,-5
2025-04-13T15:40:55.937930,-76,87,-1
2025-04-13T15:40:55.947996,-76,80,-3
2025-04-13T15:40:55.958102,-73,77,-10
2025-04-13T15:40:55.968173,-80,60,-6
2025-04-13T15:40:55.977950,-86,44,-7
2025-04-13T15:40:55.987875,-90,31,-8
2025-04-13T15:40:55.999142,-93,24,-3
2025-04-13T15:40:56.008088,-90,16,2
2025-04-13T15:40:56.019779,-83,14,5
2025-04-13T15:40:56.028091,-83,14,5
2025-04-13T15:40:56.038002,-77,3,9
2025-04-13T15:40:56.048206,-77,-2,11
2025-04-13T15:40:56.058152,-77,-9,10
2025-04-13T15:40:56.068427,-82,-7,16
2025-04-13T15:40:56.078092,-85,-2,20
2025-04-13T15:40:56.088188,-88,12,27
2025-04-13T15:40:56.101487,-85,31,32
2025-04-13T15:40:56.108058,-85,51,46
2025-04-13T15:40:56.119538,-80,70,51
2025-04-13T15:40:56.128110,-79,92,47
2025-04-13T15:40:56.137946,-82,113,47
2025-04-13T15:40:56.147947,-87,133,55
2025-04-13T15:40:56.158119,-87,133,55
2025-04-13T15:40:56.170450,-103,164,58
2025-04-13T15:40:56.178025,-115,200,57
2025-04-13T15:40:56.205170,-131,203,52
2025-04-13T15:40:56.208342,-129,160,62
2025-04-13T15:40:56.224751,-106,118,49
2025-04-13T15:40:56.228318,-106,118,49
2025-04-13T15:40:56.238223,-68,67,25
2025-04-13T15:40:56.248243,-47,37,10
2025-04-13T15:40:56.257962,-34,14,3
2025-04-13T15:40:56.269324,-65,15,-35
2025-04-13T15:40:56.278246,-128,26,-47
2025-04-13T15:40:56.288311,-221,48,32
2025-04-13T15:40:56.297912,-357,73,106
2025-04-13T15:40:56.307861,-325,131,-22
2025-04-13T15:40:56.324282,-325,131,-22
2025-04-13T15:40:56.327811,-79,73,-20
2025-04-13T15:40:56.337854,-49,30,46
2025-04-13T15:40:56.347966,-37,-40,76
2025-04-13T15:40:56.358108,-53,-45,46
2025-04-13T15:40:56.367913,-95,-18,13
2025-04-13T15:40:56.378132,-125,25,-43
2025-04-13T15:40:56.388152,-122,32,-36
2025-04-13T15:40:56.398045,-122,32,-36
2025-04-13T15:40:56.408108,-135,35,-48
2025-04-13T15:40:56.426613,-140,74,-84
2025-04-13T15:40:56.429503,-128,70,-84
2025-04-13T15:40:56.440681,-116,65,-73
2025-04-13T15:40:56.448019,-101,49,-39
2025-04-13T15:40:56.458105,-92,20,24
2025-04-13T15:40:56.468144,-92,20,24
2025-04-13T15:40:56.477962,-95,61,31
2025-04-13T15:40:56.487896,-97,66,33
2025-04-13T15:40:56.498045,-98,65,14
2025-04-13T15:40:56.508095,-105,73,-16
2025-04-13T15:40:56.518130,-110,73,-27
2025-04-13T15:40:56.528805,-115,77,-20
2025-04-13T15:40:56.537792,-116,76,-14
2025-04-13T15:40:56.548176,-114,70,-3
2025-04-13T15:40:56.558206,-114,70,-3
2025-04-13T15:40:56.568700,-106,63,-9
2025-04-13T15:40:56.579774,-102,60,-14
2025-04-13T15:40:56.588783,-101,57,-16
2025-04-13T15:40:56.597963,-103,55,-13
2025-04-13T15:40:56.607996,-105,58,-16
2025-04-13T15:40:56.618108,-106,56,-12
2025-04-13T15:40:56.631254,-106,56,-12
2025-04-13T15:40:56.637843,-109,55,-13
2025-04-13T15:40:56.648164,-111,55,-9
2025-04-13T15:40:56.658040,-111,50,-8
2025-04-13T15:40:56.668027,-115,39,-9
2025-04-13T15:40:56.682605,-119,35,-14
2025-04-13T15:40:56.687976,-123,40,-11
2025-04-13T15:40:56.698019,-123,40,-11
2025-04-13T15:40:56.709047,-125,40,7
2025-04-13T15:40:56.734583,-122,40,8
2025-04-13T15:40:56.735381,-121,41,2
2025-04-13T15:40:56.738265,-121,43,-4
2025-04-13T15:40:56.748060,-121,45,-5
2025-04-13T15:40:56.758056,-118,51,-3
2025-04-13T15:40:56.768045,-116,61,0
2025-04-13T15:40:56.784654,-107,69,8
2025-04-13T15:40:56.787963,-111,77,2
2025-04-13T15:40:56.798095,-111,77,2
2025-04-13T15:40:56.807980,-103,86,-23
2025-04-13T15:40:56.818370,-90,78,-30
2025-04-13T15:40:56.828874,-87,71,-21
2025-04-13T15:40:56.838475,-100,73,-7
2025-04-13T15:40:56.848014,-115,82,4
2025-04-13T15:40:56.858055,-129,90,12
2025-04-13T15:40:56.868508,-131,93,13
2025-04-13T15:40:56.878255,-128,93,-2
2025-04-13T15:40:56.888224,-128,93,-2
2025-04-13T15:40:56.898329,-141,109,-25
2025-04-13T15:40:56.910707,-138,115,-29
2025-04-13T15:40:56.921614,-141,112,-4
2025-04-13T15:40:56.927968,-147,113,31
2025-04-13T15:40:56.938670,-158,69,159
2025-04-13T15:40:56.990080,-147,49,52
2025-04-13T15:40:56.991170,-147,49,52
2025-04-13T15:40:56.993347,-121,66,4
2025-04-13T15:40:56.994392,-110,65,-26
2025-04-13T15:40:56.995571,-129,56,-9
2025-04-13T15:40:56.999410,-146,43,25
2025-04-13T15:40:57.009187,-166,44,13
2025-04-13T15:40:57.018242,-176,51,-2
2025-04-13T15:40:57.028175,-178,54,-14
2025-04-13T15:40:57.041592,-172,50,-22
2025-04-13T15:40:57.047789,-172,50,-22
2025-04-13T15:40:57.058078,-175,61,-10
2025-04-13T15:40:57.068011,-179,53,-5
2025-04-13T15:40:57.077939,-188,59,1
2025-04-13T15:40:57.092216,-179,55,-15
2025-04-13T15:40:57.098104,-165,50,-39
2025-04-13T15:40:57.108061,-145,44,-57
2025-04-13T15:40:57.121560,-145,44,-57
2025-04-13T15:40:57.128268,-103,36,-59
2025-04-13T15:40:57.143509,-94,33,-19
2025-04-13T15:40:57.148021,-88,28,33
2025-04-13T15:40:57.158002,-90,52,30
2025-04-13T15:40:57.168187,-87,64,16
2025-04-13T15:40:57.178079,-85,66,7
2025-04-13T15:40:57.194725,-87,77,1
2025-04-13T15:40:57.198066,-75,75,-10
2025-04-13T15:40:57.231093,-70,69,-7
2025-04-13T15:40:57.232051,-70,69,-7
2025-04-13T15:40:57.233339,-69,48,-7
2025-04-13T15:40:57.245609,-75,35,-5
2025-04-13T15:40:57.249088,-77,23,-9
2025-04-13T15:40:57.257792,-76,16,-9
2025-04-13T15:40:57.267989,-75,9,-5
2025-04-13T15:40:57.278403,-70,4,1
2025-04-13T15:40:57.288079,-66,-5,3
2025-04-13T15:40:57.298084,-68,-12,6
2025-04-13T15:40:57.308136,-71,-16,16
2025-04-13T15:40:57.318001,-76,-9,25
2025-04-13T15:40:57.328108,-79,11,32
2025-04-13T15:40:57.338486,-83,34,36
2025-04-13T15:40:57.348131,-78,55,34
2025-04-13T15:40:57.357914,-78,55,34
2025-04-13T15:40:57.367904,-82,89,34
2025-04-13T15:40:57.378058,-85,99,40
2025-04-13T15:40:57.388040,-87,104,51
2025-04-13T15:40:57.399263,-88,115,59
2025-04-13T15:40:57.407988,-88,121,66
2025-04-13T15:40:57.418221,-87,119,68
2025-04-13T15:40:57.427985,-87,129,64
2025-04-13T15:40:57.438345,-91,135,60
2025-04-13T15:40:57.451431,-91,135,60
2025-04-13T15:40:57.458017,-102,140,44
2025-04-13T15:40:57.467923,-106,131,30
2025-04-13T15:40:57.478071,-101,106,22
2025-04-13T15:40:57.487985,-95,84,28
2025-04-13T15:40:57.498175,-86,66,38
2025-04-13T15:40:57.507999,-78,56,54
2025-04-13T15:40:57.518098,-78,46,79
2025-04-13T15:40:57.529554,-113,73,49
2025-04-13T15:40:57.537928,-113,73,49
2025-04-13T15:40:57.553128,-251,86,144
2025-04-13T15:40:57.557935,-370,167,182
2025-04-13T15:40:57.568278,-311,246,-221
2025-04-13T15:40:57.578061,-146,130,-179
2025-04-13T15:40:57.587991,-43,35,27
2025-04-13T15:40:57.600647,-33,-160,365
2025-04-13T15:40:57.607984,-33,-160,365
2025-04-13T15:40:57.618039,-24,-51,-17
2025-04-13T15:40:57.628028,-53,-28,-30
2025-04-13T15:40:57.637746,-85,5,-45
2025-04-13T15:40:57.655596,-137,36,-26
2025-04-13T15:40:57.658281,-178,30,-41
2025-04-13T15:40:57.668089,-182,50,-82
2025-04-13T15:40:57.678068,-182,50,-82
2025-04-13T15:40:57.688126,-141,71,-97
2025-04-13T15:40:57.731358,-123,58,-62
2025-04-13T15:40:57.732815,-96,48,-66
2025-04-13T15:40:57.737026,-89,40,-36
2025-04-13T15:40:57.738138,-90,45,-33
2025-04-13T15:40:57.742317,-96,41,-17
2025-04-13T15:40:57.747969,-96,41,-17
2025-04-13T15:40:57.758279,-95,82,28
2025-04-13T15:40:57.768005,-110,81,27
2025-04-13T15:40:57.778072,-115,85,28
2025-04-13T15:40:57.788089,-118,88,-2
2025-04-13T15:40:57.798035,-114,86,-20
2025-04-13T15:40:57.808655,-108,86,-27
2025-04-13T15:40:57.818016,-103,84,-18
2025-04-13T15:40:57.828042,-101,74,-6
2025-04-13T15:40:57.838276,-101,74,-6
2025-04-13T15:40:57.848098,-104,64,-10
2025-04-13T15:40:57.860210,-107,58,-9
2025-04-13T15:40:57.867945,-108,55,-11
2025-04-13T15:40:57.878132,-113,57,-10
2025-04-13T15:40:57.888079,-111,55,-8
2025-04-13T15:40:57.898156,-109,58,-12
2025-04-13T15:40:57.911262,-109,58,-12
2025-04-13T15:40:57.918335,-100,54,-18
2025-04-13T15:40:57.928037,-100,55,-28
2025-04-13T15:40:57.938304,-103,54,-27
2025-04-13T15:40:57.948064,-112,51,-24
2025-04-13T15:40:57.962574,-125,49,-14
2025-04-13T15:40:57.967944,-140,36,9
2025-04-13T15:40:57.978493,-140,36,9
2025-04-13T15:40:57.988206,-147,18,26
2025-04-13T15:40:57.998301,-150,26,31
2025-04-13T15:40:58.010208,-144,39,25
2025-04-13T15:40:58.017932,-130,50,-11
2025-04-13T15:40:58.031692,-119,61,-26
2025-04-13T15:40:58.050931,-110,66,-17
2025-04-13T15:40:58.052528,-104,71,-11
2025-04-13T15:40:58.065116,-104,71,-11
2025-04-13T15:40:58.070911,-94,82,-6
2025-04-13T15:40:58.081554,-97,83,-15
2025-04-13T15:40:58.090122,-90,81,-27
2025-04-13T15:40:58.099463,-84,75,-21
2025-04-13T15:40:58.108646,-83,71,-9
2025-04-13T15:40:58.121655,-94,76,3
2025-04-13T15:40:58.130429,-114,85,11
2025-04-13T15:40:58.140516,-133,84,21
2025-04-13T15:40:58.155450,-134,76,34
2025-04-13T15:40:58.168489,-134,76,34
2025-04-13T15:40:58.172839,-136,89,-40
2025-04-13T15:40:58.178068,-165,117,-45
2025-04-13T15:40:58.188135,-167,120,-20
2025-04-13T15:40:58.198100,-162,99,23
2025-04-13T15:40:58.208196,-126,70,50
2025-04-13T15:40:58.218419,-116,43,27
2025-04-13T15:40:58.227889,-116,43,27
2025-04-13T15:40:58.237935,-130,58,16
2025-04-13T15:40:58.248261,-136,60,-18
2025-04-13T15:40:58.258027,-145,53,-16
2025-04-13T15:40:58.269759,-172,48,-5
2025-04-13T15:40:58.277856,-186,50,16
2025-04-13T15:40:58.288043,-177,51,-9
2025-04-13T15:40:58.298011,-171,50,-6
2025-04-13T15:40:58.308007,-171,50,-6
2025-04-13T15:40:58.320844,-181,60,6
2025-04-13T15:40:58.328119,-181,59,18
2025-04-13T15:40:58.338073,-174,52,21
2025-04-13T15:40:58.348305,-166,60,1
2025-04-13T15:40:58.358068,-152,39,-25
2025-04-13T15:40:58.372159,-141,30,-29
2025-04-13T15:40:58.378338,-132,30,-41
2025-04-13T15:40:58.388044,-120,28,-39
2025-04-13T15:40:58.398266,-120,28,-39
2025-04-13T15:40:58.408563,-100,6,16
2025-04-13T15:40:58.423251,-98,20,23
2025-04-13T15:40:58.428233,-95,38,17
2025-04-13T15:40:58.438133,-89,42,8
2025-04-13T15:40:58.448113,-85,45,-2
2025-04-13T15:40:58.458152,-77,57,-2
2025-04-13T15:40:58.474632,-76,56,0
2025-04-13T15:40:58.488024,-75,60,3
2025-04-13T15:40:58.498227,-71,70,-9
2025-04-13T15:40:58.508075,-71,58,-16
2025-04-13T15:40:58.518177,-71,58,-16
2025-04-13T15:40:58.528148,-69,29,-10
2025-04-13T15:40:58.539339,-63,17,-11
2025-04-13T15:40:58.548040,-60,8,-8
2025-04-13T15:40:58.558074,-58,-3,-6
2025-04-13T15:40:58.567978,-55,-9,7
2025-04-13T15:40:58.579683,-57,-6,20
2025-04-13T15:40:58.588155,-64,17,27
2025-04-13T15:40:58.598160,-66,38,26
2025-04-13T15:40:58.608098,-73,61,28
2025-04-13T15:40:58.618349,-75,83,27
2025-04-13T15:40:58.628898,-75,83,27
2025-04-13T15:40:58.638227,-77,103,28
2025-04-13T15:40:58.648179,-79,107,25
2025-04-13T15:40:58.658117,-83,106,28
2025-04-13T15:40:58.668075,-88,103,38
2025-04-13T15:40:58.679210,-93,111,46
2025-04-13T15:40:58.733161,-100,111,53
2025-04-13T15:40:58.734262,-107,122,53
2025-04-13T15:40:58.735208,-117,125,52
2025-04-13T15:40:58.736245,-117,125,52
2025-04-13T15:40:58.737425,-136,141,39
2025-04-13T15:40:58.738613,-143,145,34
2025-04-13T15:40:58.748020,-129,145,38
2025-04-13T15:40:58.758114,-116,121,64
2025-04-13T15:40:58.768156,-94,90,62
2025-04-13T15:40:58.781720,-84,62,46
2025-04-13T15:40:58.788301,-84,62,46
2025-04-13T15:40:58.798064,-102,65,-49
2025-04-13T15:40:58.808157,-163,37,55
2025-04-13T15:40:58.818170,-286,82,143
2025-04-13T15:40:58.833032,-272,101,-52
2025-04-13T15:40:58.838069,-147,71,-118
2025-04-13T15:40:58.848110,-54,-20,30
2025-04-13T15:40:58.858040,-54,-20,30
2025-04-13T15:40:58.868104,-26,-74,80
2025-04-13T15:40:58.884269,-38,-19,4
2025-04-13T15:40:58.887841,-79,13,-33
2025-04-13T15:40:58.898005,-122,51,-78
2025-04-13T15:40:58.908023,-135,63,-74
2025-04-13T15:40:58.918012,-163,64,-68
2025-04-13T15:40:58.929041,-174,83,-61
2025-04-13T15:40:58.938116,-174,83,-61
2025-04-13T15:40:58.987166,-164,89,-34
2025-04-13T15:40:58.988130,-128,85,-47
2025-04-13T15:40:58.989081,-115,60,-21
2025-04-13T15:40:58.990023,-107,69,16
2025-04-13T15:40:58.993060,-111,65,11
2025-04-13T15:40:58.998107,-110,56,12
2025-04-13T15:40:59.008026,-116,57,6
2025-04-13T15:40:59.018360,-116,57,6
2025-04-13T15:40:59.028529,-116,52,-16
2025-04-13T15:40:59.038187,-123,54,-18
2025-04-13T15:40:59.048225,-132,53,-13
2025-04-13T15:40:59.058089,-132,56,-4
2025-04-13T15:40:59.068281,-126,43,-3
2025-04-13T15:40:59.078257,-117,36,0
2025-04-13T15:40:59.088893,-115,33,2
2025-04-13T15:40:59.097984,-113,-19,30
2025-04-13T15:40:59.108098,-113,-19,30
2025-04-13T15:40:59.118048,-112,27,-16
2025-04-13T15:40:59.127969,-106,48,-9
2025-04-13T15:40:59.139961,-107,55,-2
2025-04-13T15:40:59.148070,-103,60,-8
2025-04-13T15:40:59.158035,-97,64,-20
2025-04-13T15:40:59.168082,-96,65,-17
2025-04-13T15:40:59.177920,-98,66,-9
2025-04-13T15:40:59.191480,-98,66,-9
2025-04-13T15:40:59.198245,-99,68,-1
2025-04-13T15:40:59.208076,-100,62,2
2025-04-13T15:40:59.231514,-101,55,-3
2025-04-13T15:40:59.232717,-100,55,-5
2025-04-13T15:40:59.242476,-100,51,9
2025-04-13T15:40:59.248286,-104,49,20
2025-04-13T15:40:59.258240,-105,48,19
2025-04-13T15:40:59.268622,-108,51,12
2025-04-13T15:40:59.278308,-111,52,5
2025-04-13T15:40:59.293908,-111,52,5
2025-04-13T15:40:59.298119,-107,53,5
2025-04-13T15:40:59.308063,-105,60,0
2025-04-13T15:40:59.318122,-103,70,-16
2025-04-13T15:40:59.328289,-99,81,-35
2025-04-13T15:40:59.345082,-88,77,-33
2025-04-13T15:40:59.348154,-94,69,-20
2025-04-13T15:40:59.358126,-107,75,2
2025-04-13T15:40:59.368132,-134,86,16
2025-04-13T15:40:59.378083,-134,86,16
2025-04-13T15:40:59.396688,-158,90,11
2025-04-13T15:40:59.399015,-153,101,-36
2025-04-13T15:40:59.407926,-175,117,-47
2025-04-13T15:40:59.418224,-184,126,-47
2025-04-13T15:40:59.428076,-185,116,-12
2025-04-13T15:40:59.438159,-167,70,39
2025-04-13T15:40:59.449011,-167,70,39
2025-04-13T15:40:59.458070,-144,19,73
2025-04-13T15:40:59.467968,-134,41,37
2025-04-13T15:40:59.478025,-136,64,-27
2025-04-13T15:40:59.487931,-127,71,-52
2025-04-13T15:40:59.498375,-128,64,-35
2025-04-13T15:40:59.507928,-131,62,-18
2025-04-13T15:40:59.518331,-131,62,-18
2025-04-13T15:40:59.528120,-143,62,21
2025-04-13T15:40:59.537988,-162,75,29
2025-04-13T15:40:59.550375,-165,74,19
2025-04-13T15:40:59.557831,-164,62,-2
2025-04-13T15:40:59.568013,-169,56,5
2025-04-13T15:40:59.577995,-168,49,-2
2025-04-13T15:40:59.588043,-163,41,-17
2025-04-13T15:40:59.600856,-154,30,-32
2025-04-13T15:40:59.607867,-154,30,-32
2025-04-13T15:40:59.617996,-142,17,-39
2025-04-13T15:40:59.628067,-134,11,-32
2025-04-13T15:40:59.638017,-118,1,-20
2025-04-13T15:40:59.652059,-102,12,-21
2025-04-13T15:40:59.658032,-93,20,-5
2025-04-13T15:40:59.668202,-92,24,25
2025-04-13T15:40:59.678122,-90,38,21
2025-04-13T15:40:59.688089,-90,38,21
2025-04-13T15:40:59.703377,-91,53,5
2025-04-13T15:40:59.707751,-90,58,11
2025-04-13T15:40:59.730760,-82,64,-1
2025-04-13T15:40:59.731613,-79,70,-8
2025-04-13T15:40:59.737914,-71,67,-20
2025-04-13T15:40:59.754448,-73,50,-19
2025-04-13T15:40:59.758092,-76,26,-13
2025-04-13T15:40:59.768195,-75,9,-18
2025-04-13T15:40:59.778202,-73,-8,-17
2025-04-13T15:40:59.790399,-69,-18,-15
2025-04-13T15:40:59.805833,-69,-18,-15
2025-04-13T15:40:59.808602,-60,-19,2
2025-04-13T15:40:59.818011,-60,-8,15
2025-04-13T15:40:59.828034,-63,21,17
2025-04-13T15:40:59.838107,-69,46,20
2025-04-13T15:40:59.848033,-76,64,18
2025-04-13T15:40:59.858138,-83,81,27
2025-04-13T15:40:59.870062,-88,98,28
2025-04-13T15:40:59.879588,-90,119,50
2025-04-13T15:40:59.890418,-96,129,75
2025-04-13T15:40:59.898991,-96,129,75
2025-04-13T15:40:59.907953,-109,151,96
2025-04-13T15:40:59.920255,-103,159,71
2025-04-13T15:40:59.928000,-105,144,61
2025-04-13T15:40:59.984114,-116,136,62
2025-04-13T15:40:59.984988,-110,115,63
2025-04-13T15:40:59.986024,-92,95,42
2025-04-13T15:40:59.987096,-92,95,42
2025-04-13T15:40:59.988141,-54,71,7
2025-04-13T15:40:59.989271,-48,61,-65
2025-04-13T15:40:59.997928,-62,54,-88
2025-04-13T15:41:00.010439,-167,5,80
2025-04-13T15:41:00.018045,-264,39,100
2025-04-13T15:41:00.028076,-348,69,29
2025-04-13T15:41:00.038253,-362,80,15
2025-04-13T15:41:00.047981,-207,83,16
2025-04-13T15:41:00.061531,-98,-26,40
2025-04-13T15:41:00.068037,-98,-26,40
2025-04-13T15:41:00.078122,-79,-28,27
2025-04-13T15:41:00.087764,-92,-4,13
2025-04-13T15:41:00.098061,-107,28,-26
2025-04-13T15:41:00.112945,-105,36,-47
2025-04-13T15:41:00.117935,-113,40,-77
2025-04-13T15:41:00.128070,-114,52,-75
2025-04-13T15:41:00.138109,-111,69,-72
2025-04-13T15:41:00.148035,-111,69,-72
2025-04-13T15:41:00.163893,-107,63,-72
2025-04-13T15:41:00.168011,-104,60,-68
2025-04-13T15:41:00.178111,-92,14,-5
2025-04-13T15:41:00.188155,-98,71,48
2025-04-13T15:41:00.218227,-104,11,9
2025-04-13T15:41:00.219708,-109,92,19
2025-04-13T15:41:00.220344,-113,108,9
2025-04-13T15:41:00.231087,-113,108,9
2025-04-13T15:41:00.238088,-108,106,16
2025-04-13T15:41:00.248116,-108,104,5
2025-04-13T15:41:00.258064,-108,89,-15
2025-04-13T15:41:00.268158,-92,84,-32
2025-04-13T15:41:00.278043,-88,79,-32
2025-04-13T15:41:00.288087,-89,78,-27
2025-04-13T15:41:00.298046,-87,72,-18
2025-04-13T15:41:00.308069,-87,72,-18
2025-04-13T15:41:00.318040,-114,78,1
2025-04-13T15:41:00.327882,-134,90,16
2025-04-13T15:41:00.338104,-128,62,63
2025-04-13T15:41:00.348123,-112,58,-13
2025-04-13T15:41:00.358131,-98,74,-59
2025-04-13T15:41:00.368648,-96,39,-40
2025-04-13T15:41:00.378077,-104,3,-7
2025-04-13T15:41:00.388043,-104,-8,2
2025-04-13T15:41:00.398163,-104,-8,2
2025-04-13T15:41:00.408133,-115,9,-38
2025-04-13T15:41:00.420216,-134,18,-48
2025-04-13T15:41:00.427906,-141,11,-30
2025-04-13T15:41:00.472082,-133,21,-7
2025-04-13T15:41:00.473263,-126,36,2
2025-04-13T15:41:00.474089,-123,57,2
2025-04-13T15:41:00.475404,-113,73,-11
2025-04-13T15:41:00.477896,-106,82,-7
2025-04-13T15:41:00.488195,-106,82,-7
2025-04-13T15:41:00.498127,-102,69,4
2025-04-13T15:41:00.508309,-108,51,-7
2025-04-13T15:41:00.522932,-114,34,-15
2025-04-13T15:41:00.538082,-118,29,-3
2025-04-13T15:41:00.547960,-114,35,9
2025-04-13T15:41:00.558250,-109,43,4
2025-04-13T15:41:00.573648,-106,51,-5
2025-04-13T15:41:00.578054,-106,51,-5
2025-04-13T15:41:00.588567,-104,63,-2
2025-04-13T15:41:00.598419,-102,71,12
2025-04-13T15:41:00.608307,-98,80,25
2025-04-13T15:41:00.621597,-93,91,30
2025-04-13T15:41:00.627882,-91,99,4
2025-04-13T15:41:00.638101,-86,104,-30
2025-04-13T15:41:00.648216,-81,105,-36
2025-04-13T15:41:00.658192,-83,109,-41
2025-04-13T15:41:00.668210,-83,109,-41
2025-04-13T15:41:00.678083,-110,134,-54
2025-04-13T15:41:00.688191,-145,152,-49
2025-04-13T15:41:00.698193,-179,160,-12
2025-04-13T15:41:00.708172,-196,176,29
2025-04-13T15:41:00.729649,-188,151,65
2025-04-13T15:41:00.730677,-188,151,65
2025-04-13T15:41:00.738246,-170,73,15
2025-04-13T15:41:00.748244,-172,60,30
2025-04-13T15:41:00.758203,-178,37,28
2025-04-13T15:41:00.768350,-179,13,11
2025-04-13T15:41:00.778593,-186,4,-10
2025-04-13T15:41:00.788463,-193,22,-23
2025-04-13T15:41:00.798804,-189,31,-13
2025-04-13T15:41:00.808895,-189,31,-13
2025-04-13T15:41:00.818174,-190,29,-19
2025-04-13T15:41:00.829705,-191,15,-30
2025-04-13T15:41:00.838175,-196,38,-11
2025-04-13T15:41:00.848425,-169,19,-39
2025-04-13T15:41:00.858180,-144,30,-56
2025-04-13T15:41:00.868370,-119,36,-66
2025-04-13T15:41:00.880951,-119,36,-66
2025-04-13T15:41:00.888124,-102,31,0
2025-04-13T15:41:00.898091,-93,44,3
2025-04-13T15:41:00.910637,-88,46,10
2025-04-13T15:41:00.918774,-83,50,8
2025-04-13T15:41:00.932055,-83,56,6
2025-04-13T15:41:00.938049,-84,67,-6
2025-04-13T15:41:00.947963,-80,65,-12
2025-04-13T15:41:00.958028,-71,59,-10
2025-04-13T15:41:00.968085,-66,57,-13
2025-04-13T15:41:00.983493,-72,49,-6
2025-04-13T15:41:00.992664,-72,49,-6
2025-04-13T15:41:01.001527,-81,21,6
2025-04-13T15:41:01.018158,-84,-3,7
2025-04-13T15:41:01.039240,-84,-2,11
2025-04-13T15:41:01.042086,-83,-1,17
2025-04-13T15:41:01.048586,-84,12,18
2025-04-13T15:41:01.058122,-88,29,20
2025-04-13T15:41:01.068124,-94,40,21
2025-04-13T15:41:01.078154,-89,54,19
2025-04-13T15:41:01.088347,-87,58,22
2025-04-13T15:41:01.098016,-88,67,30
2025-04-13T15:41:01.108041,-84,75,27
2025-04-13T15:41:01.121592,-80,77,35
2025-04-13T15:41:01.139443,-80,77,35
2025-04-13T15:41:01.140359,-79,76,41
2025-04-13T15:41:01.242050,-76,69,39
2025-04-13T15:41:01.242590,-76,69,34
2025-04-13T15:41:01.243580,-74,75,32
2025-04-13T15:41:01.244711,-73,85,28
2025-04-13T15:41:01.245718,-74,89,27
2025-04-13T15:41:01.246804,-82,102,27
2025-04-13T15:41:01.247892,-86,113,23
2025-04-13T15:41:01.248975,-92,131,25
2025-04-13T15:41:01.250049,-95,147,30
2025-04-13T15:41:01.251095,-95,147,30
2025-04-13T15:41:01.344730,-93,159,62
2025-04-13T15:41:01.345593,-90,148,78
2025-04-13T15:41:01.346658,-84,122,74
2025-04-13T15:41:01.347720,-76,102,51
2025-04-13T15:41:01.348759,-64,76,26
2025-04-13T15:41:01.350205,-70,66,-36
2025-04-13T15:41:01.350811,-124,65,-102
2025-04-13T15:41:01.352052,-191,16,-17
2025-04-13T15:41:01.353142,-191,16,-17
2025-04-13T15:41:01.354127,-350,11,184
2025-04-13T15:41:01.355639,-360,65,68
2025-04-13T15:41:01.357933,-144,99,-42
2025-04-13T15:41:01.367944,-34,2,-81
2025-04-13T15:41:01.378096,-47,26,-14
2025-04-13T15:41:01.392876,-67,15,-27
2025-04-13T15:41:01.398071,-67,15,-27
2025-04-13T15:41:01.408071,-83,12,-42
2025-04-13T15:41:01.418264,-95,46,-91
2025-04-13T15:41:01.428796,-110,64,-101
2025-04-13T15:41:01.444099,-137,75,-113
2025-04-13T15:41:01.449664,-141,75,-89
2025-04-13T15:41:01.458140,-145,37,-42
2025-04-13T15:41:01.468129,-145,37,-42
2025-04-13T15:41:01.478471,-125,75,23
2025-04-13T15:41:01.488177,-112,62,29
2025-04-13T15:41:01.498099,-94,51,35
2025-04-13T15:41:01.508410,-87,47,13
2025-04-13T15:41:01.517986,-99,49,6
2025-04-13T15:41:01.528286,-103,48,-6
2025-04-13T15:41:01.547225,-104,51,-17
2025-04-13T15:41:01.552490,-111,57,-11
2025-04-13T15:41:01.558082,-115,68,-14
2025-04-13T15:41:01.652300,-115,68,-14
2025-04-13T15:41:01.652886,-113,77,-25
2025-04-13T15:41:01.654098,-105,79,-31
2025-04-13T15:41:01.655009,-99,76,-29
2025-04-13T15:41:01.656072,-94,71,-23
2025-04-13T15:41:01.657152,-97,69,-17
2025-04-13T15:41:01.658208,-102,69,-13
2025-04-13T15:41:01.659318,-102,69,-13
2025-04-13T15:41:01.660380,-109,65,-12
2025-04-13T15:41:01.754341,-113,60,-8
2025-04-13T15:41:01.754950,-117,56,2
2025-04-13T15:41:01.755974,-118,52,3
2025-04-13T15:41:01.757040,-115,48,7
2025-04-13T15:41:01.758092,-117,45,6
2025-04-13T15:41:01.759187,-112,36,10
2025-04-13T15:41:01.760267,-115,29,10
2025-04-13T15:41:01.761334,-115,29,10
2025-04-13T15:41:01.762426,-122,25,2
2025-04-13T15:41:01.763474,-122,26,-2
2025-04-13T15:41:01.856309,-125,29,-10
2025-04-13T15:41:01.857308,-124,30,-13
2025-04-13T15:41:01.858328,-120,32,-7
2025-04-13T15:41:01.859680,-120,40,-4
2025-04-13T15:41:01.860594,-119,51,-10
2025-04-13T15:41:01.861496,-119,51,-10
2025-04-13T15:41:01.862626,-115,62,-11
2025-04-13T15:41:01.863926,-114,69,-10
2025-04-13T15:41:01.865111,-111,74,-8
2025-04-13T15:41:01.866194,-108,75,-7
2025-04-13T15:41:01.879973,-102,76,-7
2025-04-13T15:41:01.880844,-101,69,-10
2025-04-13T15:41:01.882026,-97,71,-19
2025-04-13T15:41:01.888007,-97,71,-19
2025-04-13T15:41:01.901637,-92,71,-23
2025-04-13T15:41:01.908192,-90,68,-17
2025-04-13T15:41:01.918211,-98,73,-12
2025-04-13T15:41:01.928136,-110,83,-7
2025-04-13T15:41:01.938244,-123,91,-10
2025-04-13T15:41:01.956293,-129,101,-17
2025-04-13T15:41:01.959075,-157,119,-24
2025-04-13T15:41:01.968045,-157,119,-24
2025-04-13T15:41:01.978300,-198,136,19
2025-04-13T15:41:01.988158,-203,60,95
2025-04-13T15:41:01.998105,-181,13,79
2025-04-13T15:41:02.011933,-191,28,56
2025-04-13T15:41:02.030693,-151,35,34
2025-04-13T15:41:02.033969,-128,34,7
2025-04-13T15:41:02.040090,-128,34,7
2025-04-13T15:41:02.049933,-135,23,21
2025-04-13T15:41:02.058690,-145,14,17
2025-04-13T15:41:02.068084,-159,14,4
2025-04-13T15:41:02.078460,-176,24,8
2025-04-13T15:41:02.089073,-182,41,16
2025-04-13T15:41:02.100025,-172,44,13
2025-04-13T15:41:02.111409,-155,51,-3
2025-04-13T15:41:02.118321,-147,49,-4
2025-04-13T15:41:02.164089,-141,53,-16
2025-04-13T15:41:02.164576,-141,53,-16
2025-04-13T15:41:02.165601,-132,44,-30
2025-04-13T15:41:02.166673,-129,38,-20
2025-04-13T15:41:02.265849,-122,37,-17
2025-04-13T15:41:02.266623,-117,31,-15
2025-04-13T15:41:02.267671,-112,41,-20
2025-04-13T15:41:02.268752,-106,41,-6
2025-04-13T15:41:02.269782,-106,41,-6
2025-04-13T15:41:02.270891,-96,46,22
2025-04-13T15:41:02.271972,-89,50,20
2025-04-13T15:41:02.273044,-84,51,13
2025-04-13T15:41:02.274065,-79,59,13
2025-04-13T15:41:02.275123,-72,61,2
2025-04-13T15:41:02.365821,-69,59,5
2025-04-13T15:41:02.366825,-69,52,9
2025-04-13T15:41:02.370984,-69,51,6
2025-04-13T15:41:02.372013,-68,39,2
2025-04-13T15:41:02.373053,-71,31,5
2025-04-13T15:41:02.374141,-74,27,14
2025-04-13T15:41:02.379930,-76,30,27
2025-04-13T15:41:02.380972,-72,34,28
2025-04-13T15:41:02.382045,-72,34,28
2025-04-13T15:41:02.383101,-77,52,35
2025-04-13T15:41:02.385999,-83,63,44
2025-04-13T15:41:02.387253,-84,78,46
2025-04-13T15:41:02.388337,-84,84,27
2025-04-13T15:41:02.398051,-83,87,28
2025-04-13T15:41:02.408005,-84,82,34
2025-04-13T15:41:02.418035,-81,74,32
2025-04-13T15:41:02.428073,-80,68,30
2025-04-13T15:41:02.438031,-78,66,27
2025-04-13T15:41:02.448162,-79,68,29
2025-04-13T15:41:02.458017,-82,72,31
2025-04-13T15:41:02.468183,-82,72,31
2025-04-13T15:41:02.477910,-89,76,31
2025-04-13T15:41:02.488033,-93,78,30
2025-04-13T15:41:02.498014,-93,74,30
2025-04-13T15:41:02.508140,-91,71,27
2025-04-13T15:41:02.519988,-89,69,30
2025-04-13T15:41:02.528080,-87,71,41
2025-04-13T15:41:02.538087,-87,76,49
2025-04-13T15:41:02.548055,-93,82,60
2025-04-13T15:41:02.558172,-99,87,67
2025-04-13T15:41:02.570595,-103,87,75
2025-04-13T15:41:02.577981,-109,85,81
2025-04-13T15:41:02.588117,-109,85,81
2025-04-13T15:41:02.598103,-107,84,72
2025-04-13T15:41:02.608164,-101,74,74
2025-04-13T15:41:02.621599,-89,81,56
2025-04-13T15:41:02.628087,-77,75,53
2025-04-13T15:41:02.638039,-66,68,42
2025-04-13T15:41:02.648113,-58,52,35
2025-04-13T15:41:02.658052,-137,88,-49
2025-04-13T15:41:02.674107,-200,89,19
2025-04-13T15:41:02.678148,-200,89,19
2025-04-13T15:41:02.778409,-327,148,73
2025-04-13T15:41:02.779342,-267,202,-180
2025-04-13T15:41:02.780363,-111,157,-80
2025-04-13T15:41:02.781412,-49,118,-6
2025-04-13T15:41:02.782481,-84,8,197
2025-04-13T15:41:02.783567,-40,-83,99
2025-04-13T15:41:02.784663,-40,-83,99
2025-04-13T15:41:02.785706,-59,-71,25
2025-04-13T15:41:02.786881,-107,-15,-49
2025-04-13T15:41:02.787958,-125,15,-56
2025-04-13T15:41:02.866109,-141,43,-61
2025-04-13T15:41:02.866902,-163,71,-84
2025-04-13T15:41:02.868007,-166,91,-75
2025-04-13T15:41:02.869155,-166,91,-75
2025-04-13T15:41:02.878075,-125,69,-41
2025-04-13T15:41:02.879045,-88,56,-40
2025-04-13T15:41:02.880118,-70,43,-38
2025-04-13T15:41:02.881206,-73,52,17
2025-04-13T15:41:02.896184,-85,74,24
2025-04-13T15:41:02.900038,-102,92,22
2025-04-13T15:41:02.901081,-110,106,6
2025-04-13T15:41:02.901900,-119,108,0
2025-04-13T15:41:02.908113,-119,108,0
2025-04-13T15:41:02.918159,-121,107,-15
2025-04-13T15:41:02.929149,-117,98,-24
2025-04-13T15:41:02.938233,-116,90,-16
2025-04-13T15:41:02.948325,-107,76,-10
2025-04-13T15:41:02.960317,-103,65,-11
2025-04-13T15:41:02.968099,-105,55,-13
2025-04-13T15:41:02.980346,-105,55,-13
2025-04-13T15:41:02.988441,-107,49,-13
2025-04-13T15:41:02.998098,-113,46,-10
2025-04-13T15:41:03.008190,-115,43,-9
2025-04-13T15:41:03.018176,-114,42,-13
2025-04-13T15:41:03.031110,-115,41,-12
2025-04-13T15:41:03.038064,-113,40,-12
2025-04-13T15:41:03.047866,-113,40,-12
2025-04-13T15:41:03.057940,-114,41,-18
2025-04-13T15:41:03.068080,-116,36,-13
2025-04-13T15:41:03.082680,-122,27,5
2025-04-13T15:41:03.088574,-124,8,22
2025-04-13T15:41:03.098149,-122,13,5
2025-04-13T15:41:03.108223,-121,34,2
2025-04-13T15:41:03.118138,-118,42,4
2025-04-13T15:41:03.130204,-117,50,4
2025-04-13T15:41:03.137952,-117,50,4
2025-04-13T15:41:03.147715,-111,64,6
2025-04-13T15:41:03.157911,-111,70,8
2025-04-13T15:41:03.169172,-108,75,3
2025-04-13T15:41:03.184896,-105,80,0
2025-04-13T15:41:03.187987,-102,78,-6
2025-04-13T15:41:03.198021,-98,80,-8
2025-04-13T15:41:03.208220,-98,82,-12
2025-04-13T15:41:03.218170,-96,82,-12
2025-04-13T15:41:03.228184,-95,81,-5
2025-04-13T15:41:03.237992,-101,80,-3
2025-04-13T15:41:03.248413,-101,80,-3
2025-04-13T15:41:03.258343,-111,73,-7
2025-04-13T15:41:03.269489,-119,70,2
2025-04-13T15:41:03.287659,-122,69,12
2025-04-13T15:41:03.288302,-124,69,13
2025-04-13T15:41:03.298255,-119,79,-14
2025-04-13T15:41:03.308494,-121,91,-41
2025-04-13T15:41:03.318601,-136,104,-36
2025-04-13T15:41:03.328207,-136,104,-36
2025-04-13T15:41:03.338516,-146,116,-5
2025-04-13T15:41:03.348275,-155,128,27
2025-04-13T15:41:03.358098,-161,138,104
2025-04-13T15:41:03.368142,-156,64,174
2025-04-13T15:41:03.378146,-127,54,26
2025-04-13T15:41:03.389972,-113,67,-23
2025-04-13T15:41:03.398160,-113,67,-23
2025-04-13T15:41:03.408162,-109,61,-21
2025-04-13T15:41:03.418141,-124,44,-6
2025-04-13T15:41:03.428091,-129,45,-7
2025-04-13T15:41:03.440697,-137,45,-9
2025-04-13T15:41:03.448217,-144,47,-17
2025-04-13T15:41:03.458171,-144,46,-37
2025-04-13T15:41:03.468773,-144,46,-37
2025-04-13T15:41:03.478190,-142,46,-50
2025-04-13T15:41:03.492437,-151,75,-49
2025-04-13T15:41:03.498105,-157,64,-57
2025-04-13T15:41:03.509097,-153,48,-44
2025-04-13T15:41:03.518515,-144,49,-43
2025-04-13T15:41:03.528099,-133,68,-50
2025-04-13T15:41:03.543515,-133,68,-50
2025-04-13T15:41:03.548177,-110,76,-5
2025-04-13T15:41:03.558132,-89,98,19
2025-04-13T15:41:03.568384,-82,99,10
2025-04-13T15:41:03.578166,-74,90,-4
2025-04-13T15:41:03.594616,-67,102,1
2025-04-13T15:41:03.608064,-85,67,-20
2025-04-13T15:41:03.618209,-87,57,-25
2025-04-13T15:41:03.628527,-89,51,-22
2025-04-13T15:41:03.638603,-89,51,-22
2025-04-13T15:41:03.648115,-92,42,-21
2025-04-13T15:41:03.659055,-88,39,-27
2025-04-13T15:41:03.668469,-88,37,-25
2025-04-13T15:41:03.681132,-82,33,-24
2025-04-13T15:41:03.688210,-83,20,-14
2025-04-13T15:41:03.699706,-84,14,-17
2025-04-13T15:41:03.708206,-93,10,-8
2025-04-13T15:41:03.718211,-101,14,-5
2025-04-13T15:41:03.728262,-101,14,-5
2025-04-13T15:41:03.738295,-114,18,19
2025-04-13T15:41:03.748202,-118,23,9
2025-04-13T15:41:03.758474,-120,32,21
2025-04-13T15:41:03.768358,-118,59,26
2025-04-13T15:41:03.778264,-111,74,28
2025-04-13T15:41:03.787986,-105,94,34
2025-04-13T15:41:03.799331,-102,123,52
2025-04-13T15:41:03.808014,-113,133,64
2025-04-13T15:41:03.818103,-113,133,64
2025-04-13T15:41:03.828215,-102,165,2
2025-04-13T15:41:03.838199,-88,145,-35
2025-04-13T15:41:03.850781,-95,97,-22
2025-04-13T15:41:03.858178,-89,63,-35
2025-04-13T15:41:03.868099,-84,28,-28
2025-04-13T15:41:03.889748,-86,25,-42
2025-04-13T15:41:03.890884,-99,31,-60
2025-04-13T15:41:03.901680,-99,31,-60
2025-04-13T15:41:03.908013,-139,62,-55
2025-04-13T15:41:03.918131,-207,64,21
2025-04-13T15:41:03.928167,-248,77,112
2025-04-13T15:41:03.938103,-219,66,110
2025-04-13T15:41:03.952921,-143,11,-23
2025-04-13T15:41:03.958149,-112,0,-44
2025-04-13T15:41:03.968129,-112,0,-44
2025-04-13T15:41:03.977932,-109,-16,-1
2025-04-13T15:41:03.991173,-102,-24,45
2025-04-13T15:41:04.000564,-112,6,26
2025-04-13T15:41:04.024933,-127,65,-32
2025-04-13T15:41:04.041642,-127,69,-14
2025-04-13T15:41:04.047944,-127,69,-14
2025-04-13T15:41:04.060216,-114,82,-8
2025-04-13T15:41:04.072791,-106,78,1
2025-04-13T15:41:04.080769,-102,84,-6
2025-04-13T15:41:04.093596,-97,89,-14
2025-04-13T15:41:04.102906,-96,92,-21
2025-04-13T15:41:04.112818,-97,90,-21
2025-04-13T15:41:04.118135,-102,89,-8
2025-04-13T15:41:04.128206,-102,89,-8
2025-04-13T15:41:04.138358,-106,88,-6
2025-04-13T15:41:04.148103,-104,78,-11
2025-04-13T15:41:04.158148,-107,76,-18
2025-04-13T15:41:04.168442,-105,71,-16
2025-04-13T15:41:04.178072,-105,73,-23
2025-04-13T15:41:04.188594,-104,70,-21
2025-04-13T15:41:04.198352,-104,60,-20
2025-04-13T15:41:04.209140,-104,60,-20
2025-04-13T15:41:04.218014,-109,61,-33
2025-04-13T15:41:04.228116,-120,48,-33
2025-04-13T15:41:04.237972,-122,31,-24
2025-04-13T15:41:04.248236,-126,7,-24
2025-04-13T15:41:04.260690,-129,-9,-11
2025-04-13T15:41:04.268226,-137,0,8
2025-04-13T15:41:04.278186,-137,0,8
2025-04-13T15:41:04.288186,-132,24,-12
2025-04-13T15:41:04.298291,-123,36,-17
2025-04-13T15:41:04.308371,-120,53,-12
2025-04-13T15:41:04.317899,-121,58,-1
2025-04-13T15:41:04.328089,-121,58,1
2025-04-13T15:41:04.338210,-124,53,0
2025-04-13T15:41:04.348251,-125,49,-7
2025-04-13T15:41:04.362941,-128,44,-2
2025-04-13T15:41:04.368498,-128,44,-2
2025-04-13T15:41:04.378345,-128,45,-3
2025-04-13T15:41:04.388622,-126,47,-11
2025-04-13T15:41:04.397832,-124,54,-21
2025-04-13T15:41:04.413913,-121,57,-20
2025-04-13T15:41:04.418071,-115,63,-18
2025-04-13T15:41:04.427933,-111,68,-19
2025-04-13T15:41:04.437951,-111,68,-19
2025-04-13T15:41:04.448198,-109,70,-25
2025-04-13T15:41:04.464740,-105,69,-25
2025-04-13T15:41:04.468090,-105,62,-26
2025-04-13T15:41:04.477885,-109,62,-21
2025-04-13T15:41:04.488100,-114,57,-13
2025-04-13T15:41:04.498115,-117,52,-12
2025-04-13T15:41:04.516459,-117,52,-12
2025-04-13T15:41:04.519139,-120,47,-18
2025-04-13T15:41:04.528177,-123,45,-18
2025-04-13T15:41:04.538179,-121,44,-14
2025-04-13T15:41:04.548221,-118,44,-9
2025-04-13T15:41:04.558463,-115,45,-10
2025-04-13T15:41:04.568245,-114,49,-12
2025-04-13T15:41:04.578196,-114,49,-12
2025-04-13T15:41:04.588179,-110,60,-21
2025-04-13T15:41:04.598797,-115,67,-20
2025-04-13T15:41:04.608473,-127,81,-15
2025-04-13T15:41:04.618660,-131,86,-2
2025-04-13T15:41:04.628190,-125,79,12
2025-04-13T15:41:04.638300,-120,74,16
2025-04-13T15:41:04.648421,-117,73,25
2025-04-13T15:41:04.658176,-117,73,25
2025-04-13T15:41:04.669732,-122,77,34
2025-04-13T15:41:04.678231,-121,84,34
2025-04-13T15:41:04.724035,-118,94,27
2025-04-13T15:41:04.724952,-116,104,15
2025-04-13T15:41:04.726004,-110,104,2
2025-04-13T15:41:04.727206,-102,94,-7
2025-04-13T15:41:04.728322,-100,87,-15
2025-04-13T15:41:04.738005,-100,87,-15
2025-04-13T15:41:04.747985,-104,81,-23
2025-04-13T15:41:04.758444,-109,77,-24
2025-04-13T15:41:04.772432,-131,77,-31
2025-04-13T15:41:04.778204,-159,80,-9
2025-04-13T15:41:04.788295,-171,71,0
2025-04-13T15:41:04.798461,-174,66,2
2025-04-13T15:41:04.808649,-176,87,-13
2025-04-13T15:41:04.823772,-176,87,-13
2025-04-13T15:41:04.828011,-173,54,-39
2025-04-13T15:41:04.837957,-166,39,-41
2025-04-13T15:41:04.848475,-156,83,-40
2025-04-13T15:41:04.858433,-131,25,-57
2025-04-13T15:41:04.871064,-112,11,-53
2025-04-13T15:41:04.878172,-95,15,-20
2025-04-13T15:41:04.888130,-95,15,-20
2025-04-13T15:41:04.898242,-104,41,51
2025-04-13T15:41:04.908258,-106,56,22
2025-04-13T15:41:04.926321,-100,58,4
2025-04-13T15:41:04.928673,-95,59,-6
2025-04-13T15:41:04.937961,-90,58,2
2025-04-13T15:41:04.977261,-91,63,12
2025-04-13T15:41:04.978439,-95,66,13
2025-04-13T15:41:04.979308,-99,65,12
2025-04-13T15:41:04.980016,-101,60,11
2025-04-13T15:41:04.988327,-101,60,11
2025-04-13T15:41:04.998204,-107,41,15
2025-04-13T15:41:05.008948,-111,33,18
2025-04-13T15:41:05.018268,-109,23,20
2025-04-13T15:41:05.028306,-103,18,15
2025-04-13T15:41:05.038083,-99,15,16
2025-04-13T15:41:05.048102,-97,19,18
2025-04-13T15:41:05.058381,-95,31,16
2025-04-13T15:41:05.068209,-95,38,19
2025-04-13T15:41:05.079244,-92,46,18
2025-04-13T15:41:05.088125,-88,55,13
2025-04-13T15:41:05.098807,-88,55,13
2025-04-13T15:41:05.115023,-86,66,12
2025-04-13T15:41:05.120539,-88,72,12
2025-04-13T15:41:05.130750,-90,73,15
2025-04-13T15:41:05.138102,-88,74,21
2025-04-13T15:41:05.148197,-87,73,22
2025-04-13T15:41:05.158139,-87,77,26
2025-04-13T15:41:05.168156,-87,80,27
2025-04-13T15:41:05.178454,-88,84,33
2025-04-13T15:41:05.188164,-90,83,38
2025-04-13T15:41:05.198400,-93,92,37
2025-04-13T15:41:05.235952,-94,91,42
2025-04-13T15:41:05.236757,-94,91,42
2025-04-13T15:41:05.238021,-90,99,40
2025-04-13T15:41:05.238630,-91,106,35
2025-04-13T15:41:05.248106,-93,103,41
2025-04-13T15:41:05.258412,-95,99,42
2025-04-13T15:41:05.268230,-96,94,42
2025-04-13T15:41:05.284014,-94,87,38
2025-04-13T15:41:05.288039,-105,87,27
2025-04-13T15:41:05.298190,-134,109,-9
2025-04-13T15:41:05.308338,-166,116,23
2025-04-13T15:41:05.318097,-166,116,23
2025-04-13T15:41:05.332124,-210,197,32
2025-04-13T15:41:05.339361,-147,112,-121
2025-04-13T15:41:05.348471,-72,54,-44
2025-04-13T15:41:05.358089,-58,-47,103
2025-04-13T15:41:05.368026,-65,-87,120
2025-04-13T15:41:05.377944,-65,-87,120
2025-04-13T15:41:05.388204,-83,-18,27
2025-04-13T15:41:05.398093,-107,44,-52
2025-04-13T15:41:05.408229,-139,76,-77
2025-04-13T15:41:05.422476,-158,88,-80
2025-04-13T15:41:05.428064,-163,97,-63
2025-04-13T15:41:05.439813,-151,85,-21
2025-04-13T15:41:05.448197,-151,85,-21
2025-04-13T15:41:05.457986,-109,64,-3
2025-04-13T15:41:05.468112,-88,76,-11
2025-04-13T15:41:05.478073,-82,71,0
2025-04-13T15:41:05.488496,-80,74,6
2025-04-13T15:41:05.498102,-88,79,-4
2025-04-13T15:41:05.508065,-97,82,-8
2025-04-13T15:41:05.517959,-109,79,-10
2025-04-13T15:41:05.528077,-119,76,-4
2025-04-13T15:41:05.540167,-120,68,0
2025-04-13T15:41:05.548293,-120,68,0
2025-04-13T15:41:05.558378,-116,65,-6
2025-04-13T15:41:05.568267,-115,66,-19
2025-04-13T15:41:05.578142,-111,63,-17
2025-04-13T15:41:05.591476,-115,58,-14
2025-04-13T15:41:05.598162,-114,53,-13
2025-04-13T15:41:05.608082,-118,47,-10
2025-04-13T15:41:05.617983,-125,32,-3
2025-04-13T15:41:05.628178,-125,32,-3
2025-04-13T15:41:05.642681,-124,11,-7
2025-04-13T15:41:05.658477,-131,26,9
2025-04-13T15:41:05.668067,-132,38,1
2025-04-13T15:41:05.677909,-127,47,-9
2025-04-13T15:41:05.690257,-124,53,-5
2025-04-13T15:41:05.698198,-115,63,-4
2025-04-13T15:41:05.708245,-110,62,-1
2025-04-13T15:41:05.718544,-108,60,0
2025-04-13T15:41:05.728929,-108,60,0
2025-04-13T15:41:05.744955,-113,54,3
2025-04-13T15:41:05.747909,-116,52,8
2025-04-13T15:41:05.758252,-120,48,10
2025-04-13T15:41:05.768337,-119,44,8
2025-04-13T15:41:05.778077,-119,41,5
2025-04-13T15:41:05.788155,-118,40,2
2025-04-13T15:41:05.798226,-119,40,4
2025-04-13T15:41:05.808318,-119,43,0
2025-04-13T15:41:05.818272,-120,46,4
2025-04-13T15:41:05.829368,-120,48,4
2025-04-13T15:41:05.838504,-120,48,4
2025-04-13T15:41:05.848563,-117,56,4
2025-04-13T15:41:05.858294,-113,62,-2
2025-04-13T15:41:05.868213,-109,66,-5
2025-04-13T15:41:05.878327,-105,71,-7
2025-04-13T15:41:05.888321,-103,75,-4
2025-04-13T15:41:05.898517,-101,75,-5
2025-04-13T15:41:05.908354,-99,78,-10
2025-04-13T15:41:05.918116,-99,79,-10
2025-04-13T15:41:05.928319,-99,79,-10
2025-04-13T15:41:05.952506,-105,80,-1
2025-04-13T15:41:05.953365,-110,79,1
2025-04-13T15:41:05.982761,-121,88,-10
2025-04-13T15:41:05.983902,-140,101,-24
2025-04-13T15:41:05.984764,-174,115,-9
2025-04-13T15:41:05.992543,-188,104,32
2025-04-13T15:41:06.000929,-176,66,49
2025-04-13T15:41:06.009897,-176,66,49
2025-04-13T15:41:06.024392,-143,46,27
2025-04-13T15:41:06.038587,-130,48,19
2025-04-13T15:41:06.043213,-118,47,26
2025-04-13T15:41:06.052261,-112,46,27
2025-04-13T15:41:06.058711,-102,41,15
2025-04-13T15:41:06.068333,-106,40,2
2025-04-13T15:41:06.079742,-121,49,6
2025-04-13T15:41:06.091171,-142,66,22
2025-04-13T15:41:06.099596,-142,66,22
2025-04-13T15:41:06.108166,-164,67,21
2025-04-13T15:41:06.118277,-165,64,23
2025-04-13T15:41:06.128166,-156,57,18
2025-04-13T15:41:06.138003,-151,51,15
2025-04-13T15:41:06.154778,-143,41,8
2025-04-13T15:41:06.158019,-137,34,-1
2025-04-13T15:41:06.168359,-135,37,-13
2025-04-13T15:41:06.178166,-134,33,-29
2025-04-13T15:41:06.188208,-134,33,-29
2025-04-13T15:41:06.198119,-129,28,-33
2025-04-13T15:41:06.208216,-117,26,-32
2025-04-13T15:41:06.218165,-111,24,-20
2025-04-13T15:41:06.227928,-105,13,16
2025-04-13T15:41:06.238947,-104,18,37
2025-04-13T15:41:06.248147,-103,30,26
2025-04-13T15:41:06.259593,-103,30,26
2025-04-13T15:41:06.268192,-103,43,11
2025-04-13T15:41:06.278214,-102,46,30
2025-04-13T15:41:06.288197,-97,60,22
2025-04-13T15:41:06.298185,-88,65,13
2025-04-13T15:41:06.308214,-88,81,15
2025-04-13T15:41:06.318208,-85,72,19
2025-04-13T15:41:06.328456,-82,80,12
2025-04-13T15:41:06.343008,-83,82,15
2025-04-13T15:41:06.348094,-88,71,17
2025-04-13T15:41:06.359312,-93,63,16
2025-04-13T15:41:06.367994,-93,63,16
2025-04-13T15:41:06.378160,-104,53,24
2025-04-13T15:41:06.388115,-105,44,27
2025-04-13T15:41:06.398248,-103,40,27
2025-04-13T15:41:06.410559,-100,33,27
2025-04-13T15:41:06.418226,-96,29,23
2025-04-13T15:41:06.427948,-93,28,23
2025-04-13T15:41:06.445216,-88,26,24
2025-04-13T15:41:06.449434,-84,28,23
2025-04-13T15:41:06.459074,-83,30,24
2025-04-13T15:41:06.469020,-81,30,25
2025-04-13T15:41:06.478112,-81,30,25
2025-04-13T15:41:06.488759,-79,43,21
2025-04-13T15:41:06.499895,-79,47,22
2025-04-13T15:41:06.512989,-79,55,19
2025-04-13T15:41:06.518188,-82,57,23
2025-04-13T15:41:06.528465,-84,61,24
2025-04-13T15:41:06.539086,-84,66,26
2025-04-13T15:41:06.548386,-87,72,27
2025-04-13T15:41:06.564526,-87,77,27
2025-04-13T15:41:06.568028,-89,83,27
2025-04-13T15:41:06.578263,-96,83,32
2025-04-13T15:41:06.588981,-100,87,39
2025-04-13T15:41:06.598740,-100,87,39
2025-04-13T15:41:06.608528,-98,88,39
2025-04-13T15:41:06.618230,-96,86,40
2025-04-13T15:41:06.628167,-99,76,36
2025-04-13T15:41:06.637990,-123,77,33
2025-04-13T15:41:06.648018,-181,97,25
2025-04-13T15:41:06.666769,-301,128,188
2025-04-13T15:41:06.672485,-370,199,127
2025-04-13T15:41:06.678106,-370,199,127
2025-04-13T15:41:06.688224,-197,248,-216
2025-04-13T15:41:06.698138,-104,117,-22
2025-04-13T15:41:06.708097,-100,-128,308
2025-04-13T15:41:06.718079,-40,-134,132
2025-04-13T15:41:06.727958,-41,-86,50
2025-04-13T15:41:06.737938,-41,-86,50
2025-04-13T15:41:06.753221,-90,-20,-43
2025-04-13T15:41:06.758128,-113,23,-67
2025-04-13T15:41:06.769031,-133,41,-87
2025-04-13T15:41:06.777923,-153,52,-72
2025-04-13T15:41:06.788209,-155,66,-68
2025-04-13T15:41:06.798095,-142,68,-62
2025-04-13T15:41:06.808310,-142,68,-62
2025-04-13T15:41:06.820103,-109,73,-70
2025-04-13T15:41:06.828129,-92,72,-75
2025-04-13T15:41:06.838139,-94,-29,55
2025-04-13T15:41:06.848211,-96,56,35
2025-04-13T15:41:06.858271,-117,126,73
2025-04-13T15:41:06.871612,-109,132,27
2025-04-13T15:41:06.878043,-112,86,-1
2025-04-13T15:41:06.888508,-112,86,-1
2025-04-13T15:41:06.898304,-119,81,-3
2025-04-13T15:41:06.908322,-128,76,-9
2025-04-13T15:41:06.922299,-127,68,5
2025-04-13T15:41:06.928330,-125,49,7
2025-04-13T15:41:06.938391,-128,46,-5
2025-04-13T15:41:06.977143,-122,33,-8
2025-04-13T15:41:06.977857,-116,30,-10
2025-04-13T15:41:06.979524,-108,25,-13
2025-04-13T15:41:07.000910,-108,25,-13
2025-04-13T15:41:07.001406,-107,29,-16
2025-04-13T15:41:07.002505,-116,48,-10
2025-04-13T15:41:07.008214,-119,58,-10
2025-04-13T15:41:07.025070,-120,66,-8
2025-04-13T15:41:07.028128,-119,73,-6
2025-04-13T15:41:07.038457,-118,74,-5
2025-04-13T15:41:07.048121,-118,74,-5
2025-04-13T15:41:07.060522,-116,71,1
2025-04-13T15:41:07.076353,-117,64,5
2025-04-13T15:41:07.079149,-119,58,6
2025-04-13T15:41:07.088269,-122,50,5
2025-04-13T15:41:07.098149,-122,45,8
2025-04-13T15:41:07.108382,-126,44,4
2025-04-13T15:41:07.117889,-127,44,2
2025-04-13T15:41:07.128109,-129,42,5
2025-04-13T15:41:07.138169,-126,38,8
2025-04-13T15:41:07.148193,-123,35,-3
2025-04-13T15:41:07.159292,-123,35,-3
2025-04-13T15:41:07.168233,-119,33,-6
2025-04-13T15:41:07.178814,-119,36,-16
2025-04-13T15:41:07.188100,-120,37,-23
2025-04-13T15:41:07.198519,-121,37,-26
2025-04-13T15:41:07.208382,-119,34,-27
2025-04-13T15:41:07.232689,-121,39,-31
2025-04-13T15:41:07.233375,-124,43,-27
2025-04-13T15:41:07.238063,-124,43,-27
2025-04-13T15:41:07.248641,-122,44,-25
2025-04-13T15:41:07.261600,-115,40,-31
2025-04-13T15:41:07.268240,-107,43,-16
2025-04-13T15:41:07.281453,-103,45,11
2025-04-13T15:41:07.288067,-102,52,8
2025-04-13T15:41:07.298618,-102,59,-1
2025-04-13T15:41:07.308538,-102,59,-1
2025-04-13T15:41:07.318610,-106,77,-12
2025-04-13T15:41:07.332326,-113,87,-17
2025-04-13T15:41:07.338162,-121,97,-14
2025-04-13T15:41:07.348151,-127,93,-8
2025-04-13T15:41:07.365344,-127,83,1
2025-04-13T15:41:07.368033,-121,70,12
2025-04-13T15:41:07.383651,-118,60,19
2025-04-13T15:41:07.388186,-118,60,19
2025-04-13T15:41:07.398612,-114,52,16
2025-04-13T15:41:07.408644,-114,55,18
2025-04-13T15:41:07.418614,-116,59,20
2025-04-13T15:41:07.434724,-115,62,22
2025-04-13T15:41:07.438202,-114,63,18
2025-04-13T15:41:07.448520,-113,63,13
2025-04-13T15:41:07.458546,-108,57,11
2025-04-13T15:41:07.470217,-105,53,9
2025-04-13T15:41:07.485934,-105,53,9
2025-04-13T15:41:07.488815,-108,54,9
2025-04-13T15:41:07.498456,-110,57,7
2025-04-13T15:41:07.508179,-114,59,5
2025-04-13T15:41:07.518291,-115,60,4
2025-04-13T15:41:07.528156,-113,60,3
2025-04-13T15:41:07.538147,-109,58,-3
2025-04-13T15:41:07.548260,-106,55,-3
2025-04-13T15:41:07.558236,-105,53,-1
2025-04-13T15:41:07.573172,-109,50,6
2025-04-13T15:41:07.578244,-114,51,14
2025-04-13T15:41:07.588342,-114,51,14
2025-04-13T15:41:07.598067,-119,59,18
2025-04-13T15:41:07.608095,-116,62,17
2025-04-13T15:41:07.618267,-114,66,12
2025-04-13T15:41:07.628350,-112,66,8
2025-04-13T15:41:07.639254,-113,61,12
2025-04-13T15:41:07.648211,-116,56,17
2025-04-13T15:41:07.658121,-117,48,18
2025-04-13T15:41:07.675150,-118,44,17
2025-04-13T15:41:07.678143,-118,44,17
2025-04-13T15:41:07.691131,-117,45,19
2025-04-13T15:41:07.732132,-114,50,19
2025-04-13T15:41:07.733087,-113,59,17
2025-04-13T15:41:07.733757,-111,68,9
2025-04-13T15:41:07.742161,-109,72,0
2025-04-13T15:41:07.742995,-110,71,-5
2025-04-13T15:41:07.747928,-111,65,0
2025-04-13T15:41:07.758111,-114,59,6
2025-04-13T15:41:07.768764,-114,59,6
2025-04-13T15:41:07.778223,-117,54,12
2025-04-13T15:41:07.793205,-116,57,7
2025-04-13T15:41:07.798035,-115,58,9
2025-04-13T15:41:07.808420,-113,58,8
2025-04-13T15:41:07.818180,-114,58,8
2025-04-13T15:41:07.828189,-113,57,8
2025-04-13T15:41:07.838320,-115,56,9
2025-04-13T15:41:07.848182,-115,56,8
2025-04-13T15:41:07.858356,-116,55,11
2025-04-13T15:41:07.868197,-117,54,15
2025-04-13T15:41:07.879874,-117,54,15
2025-04-13T15:41:07.895796,-117,55,13
2025-04-13T15:41:07.898345,-116,55,10
2025-04-13T15:41:07.908563,-115,56,6
2025-04-13T15:41:07.918566,-114,54,7
2025-04-13T15:41:07.928080,-114,56,8
2025-04-13T15:41:07.938255,-114,56,11
2025-04-13T15:41:07.948587,-115,57,10
2025-04-13T15:41:07.958151,-115,57,8
2025-04-13T15:41:07.968176,-115,58,7
2025-04-13T15:41:07.980742,-114,58,8
2025-04-13T15:41:07.998291,-114,58,8
2025-04-13T15:41:08.002888,-113,58,9
2025-04-13T15:41:08.012142,-112,58,8
2025-04-13T15:41:08.021605,-113,58,8
2025-04-13T15:41:08.030457,-112,60,7
2025-04-13T15:41:08.037964,-113,60,8
2025-04-13T15:41:08.048946,-115,60,7
2025-04-13T15:41:08.058065,-114,59,7
2025-04-13T15:41:08.068271,-114,58,7
2025-04-13T15:41:08.078680,-114,57,6
2025-04-13T15:41:08.088175,-112,57,5
2025-04-13T15:41:08.100411,-115,56,5
2025-04-13T15:41:08.108494,-115,56,5
2025-04-13T15:41:08.118271,-117,53,6
2025-04-13T15:41:08.128248,-117,53,8
2025-04-13T15:41:08.138636,-116,52,7
2025-04-13T15:41:08.151647,-116,52,8
2025-04-13T15:41:08.158462,-115,53,6
2025-04-13T15:41:08.168465,-116,55,6
2025-04-13T15:41:08.179643,-116,56,7
2025-04-13T15:41:08.188543,-116,59,5
2025-04-13T15:41:08.204060,-117,61,6
2025-04-13T15:41:08.208286,-115,59,7
2025-04-13T15:41:08.218501,-115,58,8
2025-04-13T15:41:08.228130,-115,58,8
2025-04-13T15:41:08.238072,-114,54,4
2025-04-13T15:41:08.253790,-114,55,5
2025-04-13T15:41:08.258326,-114,55,4
2025-04-13T15:41:08.268355,-113,56,5
2025-04-13T15:41:08.278025,-113,58,6
2025-04-13T15:41:08.289247,-114,59,6
2025-04-13T15:41:08.301687,-115,59,7
2025-04-13T15:41:08.308231,-114,59,8
2025-04-13T15:41:08.318251,-115,59,6
2025-04-13T15:41:08.328267,-115,57,5
2025-04-13T15:41:08.338263,-115,57,7
2025-04-13T15:41:08.348330,-115,57,7
2025-04-13T15:41:08.360540,-116,53,6
2025-04-13T15:41:08.368173,-116,52,6
2025-04-13T15:41:08.378512,-115,52,5
2025-04-13T15:41:08.389450,-117,53,7
2025-04-13T15:41:08.398201,-116,54,8
2025-04-13T15:41:08.409666,-115,53,8
2025-04-13T15:41:08.418161,-116,54,9
2025-04-13T15:41:08.428095,-117,53,8
2025-04-13T15:41:08.437946,-116,55,6
2025-04-13T15:41:08.448167,-116,54,3
2025-04-13T15:41:08.458707,-115,53,5
2025-04-13T15:41:08.468201,-115,53,5
2025-04-13T15:41:08.478014,-115,53,5
2025-04-13T15:41:08.488330,-115,53,7
2025-04-13T15:41:08.498151,-115,55,6
2025-04-13T15:41:08.509927,-116,55,7
2025-04-13T15:41:08.518079,-117,56,6
2025-04-13T15:41:08.528294,-116,56,5
2025-04-13T15:41:08.538288,-117,57,6
2025-04-13T15:41:08.548268,-115,56,7
2025-04-13T15:41:08.560950,-114,54,8
2025-04-13T15:41:08.568250,-115,54,8
2025-04-13T15:41:08.578192,-115,53,8
2025-04-13T15:41:08.589081,-115,53,8
2025-04-13T15:41:08.598158,-115,54,7
2025-04-13T15:41:08.608769,-115,53,6
2025-04-13T15:41:08.618027,-115,54,5
2025-04-13T15:41:08.628187,-117,54,6
2025-04-13T15:41:08.638405,-116,53,7
2025-04-13T15:41:08.648188,-115,51,7
2025-04-13T15:41:08.667947,-116,52,6
2025-04-13T15:41:08.668841,-116,52,6
2025-04-13T15:41:08.678413,-116,53,6
2025-04-13T15:41:08.688392,-115,55,5
2025-04-13T15:41:08.698178,-116,55,4
2025-04-13T15:41:08.714944,-116,55,4
2025-04-13T15:41:08.727998,-116,54,7
2025-04-13T15:41:08.738054,-115,53,9
2025-04-13T15:41:08.748135,-116,55,9
2025-04-13T15:41:08.758355,-116,55,6
2025-04-13T15:41:08.768623,-114,56,6
2025-04-13T15:41:08.778277,-115,55,5
2025-04-13T15:41:08.788274,-115,55,7
2025-04-13T15:41:08.798508,-115,56,5
2025-04-13T15:41:08.808108,-115,53,6
2025-04-13T15:41:08.819555,-116,52,5
2025-04-13T15:41:08.828088,-116,52,5
2025-04-13T15:41:08.838106,-116,54,8
2025-04-13T15:41:08.847917,-117,53,7
2025-04-13T15:41:08.858091,-115,53,8
